City_ID,City,Country,Date,Lat,Lng,Max Temp,Humidity,Cloudiness,Wind Speed
0,Kodiak,US,7/21/2021 18:06,57.79,-152.4072,54.91,88,90,5.75
1,Punta Arenas,CL,7/21/2021 18:04,-53.15,-70.9167,41.11,81,75,19.57
2,Bay Roberts,CA,7/21/2021 18:06,47.5999,-53.2648,59.02,95,100,7
3,Hermanus,ZA,7/21/2021 18:06,-34.4187,19.2345,46.9,69,95,20.31
4,San Vicente,AR,7/21/2021 18:06,-26.6167,-54.1333,72.59,29,6,0.74
5,Torbay,CA,7/21/2021 18:03,47.6666,-52.7314,58.75,96,100,3
6,Krasnokholm,RU,7/21/2021 18:06,51.5979,54.1567,77.5,54,45,3.18
7,Hobart,AU,7/21/2021 18:02,-42.8794,147.3294,47.91,81,75,1.99
8,Big Rapids,US,7/21/2021 18:05,43.6981,-85.4837,75.33,47,40,5.75
9,Kabare,CD,7/21/2021 18:06,-2.4683,28.8242,67.01,59,78,2.15
10,Ushuaia,AR,7/21/2021 18:06,-54.8,-68.3,35.22,75,20,4.61
11,Kearney,US,7/21/2021 18:06,40.6995,-99.0815,81.16,57,20,18.41
12,Mar Del Plata,AR,7/21/2021 18:06,-38.0023,-57.5575,55.13,46,79,3
13,Kapaa,US,7/21/2021 18:06,22.0752,-159.319,78.78,83,75,5.01
14,Vaini,TO,7/21/2021 18:06,-21.2,-175.2,73.56,88,20,8.05
15,Castro,BR,7/21/2021 18:06,-24.7911,-50.0119,65.41,36,8,1.81
16,Barrow,US,7/21/2021 18:06,71.2906,-156.7887,35.62,93,90,20.71
17,Richards Bay,ZA,7/21/2021 18:06,-28.783,32.0377,63.55,75,59,6.46
18,Vardo,NO,7/21/2021 18:06,70.3705,31.1107,48.4,71,0,14.97
19,Jamestown,US,7/21/2021 18:06,42.097,-79.2353,71.19,73,90,7
20,Pangnirtung,CA,7/21/2021 18:06,66.1451,-65.7125,41.81,83,98,2.98
21,Port Elizabeth,ZA,7/21/2021 18:03,-33.918,25.5701,49.1,87,40,23.02
22,Bluff,NZ,7/21/2021 18:06,-46.6,168.3333,44.8,73,100,13.31
23,Gedo,ET,7/21/2021 18:06,9.0167,37.45,52.16,98,100,3.13
24,Rikitea,PF,7/21/2021 18:05,-23.1203,-134.9692,72.18,65,61,20.58
25,Severo-Kurilsk,RU,7/21/2021 18:06,50.6789,156.125,50.79,94,25,3.78
26,Avarua,CK,7/21/2021 18:06,-21.2078,-159.775,73.45,94,20,4.61
27,Victoria,HK,7/21/2021 18:06,22.2855,114.1577,83.32,90,100,4
28,Shache,CN,7/21/2021 18:06,38.4167,77.2406,67.14,61,100,7.65
29,Tessalit,ML,7/21/2021 18:06,20.1986,1.0114,96.66,31,79,19.44
30,Belison,PH,7/21/2021 18:06,10.8384,121.9605,78.67,85,100,9.75
31,Namatanai,PG,7/21/2021 18:06,-3.6667,152.4333,78.24,86,99,4.79
32,Nishihara,JP,7/21/2021 18:06,26.1842,127.7558,80.65,94,90,21.85
33,Albany,US,7/21/2021 18:03,42.6001,-73.9662,77.79,65,35,1.99
34,Cape Town,ZA,7/21/2021 18:04,-33.9258,18.4232,51.12,75,98,1.99
35,Naze,JP,7/21/2021 18:06,28.3667,129.4833,76.93,91,89,28.05
36,Lebu,CL,7/21/2021 18:06,-37.6167,-73.65,55.92,81,100,6.29
37,Ribeira Grande,PT,7/21/2021 18:06,38.5167,-28.7,73.8,56,20,16.11
38,Arraial Do Cabo,BR,7/21/2021 18:06,-22.9661,-42.0278,69.66,68,20,9.22
39,Hilo,US,7/21/2021 18:03,19.7297,-155.09,80.28,94,90,8.05
40,Emmett,US,7/21/2021 18:02,43.8735,-116.4993,89.64,23,0,10.78
41,Longyearbyen,SJ,7/21/2021 18:06,78.2186,15.6401,42.64,65,40,14.97
42,Barra Patuca,HN,7/21/2021 18:06,15.8,-84.2833,84.67,75,100,13.35
43,Alice Springs,AU,7/21/2021 18:06,-23.7,133.8833,62.15,36,37,21.85
44,Mataura,NZ,7/21/2021 18:06,-46.1927,168.8643,44.47,95,100,4.97
45,Tura,IN,7/21/2021 18:06,25.5198,90.2201,76.98,92,97,2.51
46,Chokurdakh,RU,7/21/2021 18:06,70.6333,147.9167,42.84,76,73,7.43
47,Tuktoyaktuk,CA,7/21/2021 18:06,69.4541,-133.0374,59.47,63,6,5.95
48,Saskylakh,RU,7/21/2021 18:06,71.9167,114.0833,56.3,71,100,12.75
49,Airai,TL,7/21/2021 18:06,-8.9266,125.4092,54.81,79,30,2.93
50,Hithadhoo,MV,7/21/2021 18:06,-0.6,73.0833,82.47,74,100,15.1
51,Upington,ZA,7/21/2021 18:06,-28.4478,21.2561,44.26,31,0,8.12
52,New Norfolk,AU,7/21/2021 18:06,-42.7826,147.0587,47.57,79,95,1.99
53,Busselton,AU,7/21/2021 18:06,-33.65,115.3333,52.05,82,85,7.65
54,Port Alfred,ZA,7/21/2021 18:06,-33.5906,26.891,52.38,83,35,30.53
55,Yeppoon,AU,7/21/2021 18:06,-23.1333,150.7333,42.58,56,0,5.23
56,Tiksi,RU,7/21/2021 18:06,71.6872,128.8694,39.31,88,93,4.09
57,Ures,MX,7/21/2021 18:06,29.4333,-110.4,94.71,39,87,1.9
58,Saint-Philippe,RE,7/21/2021 18:06,-21.3585,55.7679,69.39,83,67,18.7
59,Tulsipur,NP,7/21/2021 18:06,28.131,82.2973,75.76,92,98,3.74
60,Rawalpindi,PK,7/21/2021 18:06,33.6007,73.0679,80.24,73,29,2.82
61,Saint-Joseph,RE,7/21/2021 18:06,-21.3667,55.6167,68.38,81,50,18.23
62,Lugo,ES,7/21/2021 18:07,43,-7.5,77.77,74,6,41
63,Taseyevo,RU,7/21/2021 18:07,57.2169,94.8978,61.11,70,88,2.48
64,Khatanga,RU,7/21/2021 18:07,71.9667,102.5,53.51,91,97,5.59
65,Inhambane,MZ,7/21/2021 18:07,-23.865,35.3833,71.35,72,24,6.55
66,Hofn,IS,7/21/2021 18:07,64.2539,-15.2082,59.02,72,0,8.05
67,Cairns,AU,7/21/2021 18:07,-16.9167,145.7667,60.06,95,83,1.14
68,Bonavista,CA,7/21/2021 18:07,48.6499,-53.1147,59.11,90,95,14.41
69,Butaritari,KI,7/21/2021 18:07,3.0707,172.7902,82.09,76,83,10.16
70,Carnarvon,AU,7/21/2021 18:07,-24.8667,113.6333,55.47,67,75,3.44
71,Bethel,US,7/21/2021 18:07,41.3712,-73.414,80.37,70,75,10.36
72,Sabana Grande De Boya,DO,7/21/2021 18:07,18.945,-69.7933,88.3,43,25,8.1
73,Vao,NC,7/21/2021 18:07,-22.6667,167.4833,69.69,73,100,13.2
74,Atar,MR,7/21/2021 18:07,20.5169,-13.0499,108.77,7,70,18.19
75,Port-Cartier,CA,7/21/2021 18:07,50.0334,-66.8654,65.75,53,98,6.62
76,Belogorsk,RU,7/21/2021 18:07,50.9158,128.4611,72.68,90,93,3.4
77,Darnah,LY,7/21/2021 18:07,32.767,22.6367,79.29,78,0,21
78,San Carlos De Bariloche,AR,7/21/2021 18:07,-41.1456,-71.3082,46.15,81,75,4.61
79,Sao Jose Da Coroa Grande,BR,7/21/2021 18:07,-8.8978,-35.1478,77.34,79,45,13.15
80,Calama,CL,7/21/2021 18:07,-22.4667,-68.9333,77.49,5,1,19.57
81,Tacna,PE,7/21/2021 18:07,-18.0056,-70.2483,66.4,56,0,8.05
82,Yellowknife,CA,7/21/2021 18:05,62.456,-114.3525,68.29,77,87,1.01
83,Molln,DE,7/21/2021 18:07,53.6333,10.6833,69.19,67,40,5.75
84,Walvis Bay,NA,7/21/2021 18:07,-22.9575,14.5053,57.09,63,1,16.8
85,Grand-Lahou,CI,7/21/2021 18:07,5.1367,-5.0242,77.81,76,32,7.83
86,Rawson,AR,7/21/2021 18:07,-43.3002,-65.1023,58.17,53,100,20.13
87,Champerico,GT,7/21/2021 18:07,14.3,-91.9167,94.77,70,12,3.69
88,Nikolskoye,RU,7/21/2021 18:07,59.7035,30.7861,64.29,51,54,7.78
89,Kieta,PG,7/21/2021 18:07,-6.2167,155.6333,78.42,86,84,6.13
90,Tasiilaq,GL,7/21/2021 18:07,65.6145,-37.6368,44.76,98,99,4.52
91,Qaanaaq,GL,7/21/2021 18:07,77.484,-69.3632,37.18,98,100,14.88
92,Hirado,JP,7/21/2021 18:07,33.3597,129.5531,79.23,76,100,10.67
93,Faanui,PF,7/21/2021 18:07,-16.4833,-151.75,78.87,77,15,21.05
94,San Patricio,US,7/21/2021 18:07,28.017,-97.5169,91.81,50,17,5.66
95,Yingcheng,CN,7/21/2021 18:07,30.95,113.55,78.1,91,79,4.83
96,Severo-Yeniseyskiy,RU,7/21/2021 18:07,60.3725,93.0408,49.82,96,66,3.53
97,Baykit,RU,7/21/2021 18:07,61.67,96.37,53.76,91,78,1.9
98,Bredasdorp,ZA,7/21/2021 18:07,-34.5322,20.0403,44.28,78,86,15.32
99,Ilulissat,GL,7/21/2021 18:07,69.2167,-51.1,42.08,75,71,4.21
100,Nhulunbuy,AU,7/21/2021 18:07,-12.2333,136.7667,66.81,88,67,3.44
101,Balmedie,GB,7/21/2021 18:07,57.2505,-2.0616,66.43,82,67,8.05
102,Lorengau,PG,7/21/2021 18:07,-2.0226,147.2712,81.23,74,100,3.98
103,Saldanha,ZA,7/21/2021 18:07,-33.0117,17.9442,51.66,61,84,18.66
104,Statesboro,US,7/21/2021 18:06,32.4488,-81.7832,89.13,62,40,4.61
105,Bulgan,MN,7/21/2021 18:07,48.8125,103.5347,52.95,94,15,1.99
106,Aykhal,RU,7/21/2021 18:07,66,111.5,56.95,91,100,7.29
107,Aviles,ES,7/21/2021 18:07,43.5547,-5.9248,73.38,82,75,3
108,Los Llanos De Aridane,ES,7/21/2021 18:07,28.6585,-17.9182,71.35,84,20,19.57
109,Kavaratti,IN,7/21/2021 18:07,10.5669,72.642,82.2,82,100,19.39
110,Tual,ID,7/21/2021 18:07,-5.6667,132.75,80.19,80,98,17
111,Bell Ville,AR,7/21/2021 18:07,-32.6259,-62.6887,68.59,26,4,16.4
112,Luderitz,NA,7/21/2021 18:07,-26.6481,15.1594,56.32,46,0,27.04
113,Ostrovnoy,RU,7/21/2021 18:07,68.0531,39.5131,48.06,75,99,15.35
114,Una,IN,7/21/2021 18:07,20.8167,71.0333,82.36,83,100,21.99
115,Bubaque,GW,7/21/2021 18:07,11.2833,-15.8333,81,81,100,11.43
116,Husavik,IS,7/21/2021 18:07,66.0449,-17.3389,59.02,70,10,2.86
117,Olafsvik,IS,7/21/2021 18:07,64.8945,-23.7142,53.37,89,16,13.18
118,Te Anau,NZ,7/21/2021 18:07,-45.4167,167.7167,43.95,95,100,3.11
119,Palmer,US,7/21/2021 18:03,42.1584,-72.3287,82.26,61,75,4.61
120,Copiapo,CL,7/21/2021 18:07,-27.3667,-70.3333,55.09,16,35,5.26
121,Cermei,RO,7/21/2021 18:07,46.55,21.85,75.18,74,42,5.73
122,Santa Cruz Del Sur,CU,7/21/2021 18:07,20.7147,-77.9956,88.16,65,2,8.16
123,Atuona,PF,7/21/2021 18:07,-9.8,-139.0333,77.7,66,92,19.42
124,Sistranda,NO,7/21/2021 18:07,63.7256,8.834,55.36,80,4,23.98
125,Mgandu,TZ,7/21/2021 18:07,-5.95,34.1333,65.07,43,1,4.97
126,Muros,ES,7/21/2021 18:07,42.7762,-9.0603,78.67,76,66,13.11
127,Dingle,PH,7/21/2021 18:07,10.9995,122.6711,78.57,79,99,11.77
128,Chapais,CA,7/21/2021 18:07,49.7834,-74.8492,71.85,28,22,6.46
129,Tondano,ID,7/21/2021 18:07,1.3038,124.9112,69.89,94,80,3.09
130,Turinskaya Sloboda,RU,7/21/2021 18:07,57.6232,64.3858,64.6,96,37,5.35
131,Mehamn,NO,7/21/2021 18:07,71.0357,27.8492,46.58,81,90,27.63
132,Provideniya,RU,7/21/2021 18:07,64.3833,-173.3,41.54,82,100,5.79
133,Dikson,RU,7/21/2021 18:07,73.5069,80.5464,52.86,62,85,17.9
134,Kashi,CN,7/21/2021 18:07,39.4547,75.9797,66.49,70,100,4.59
135,Sehithwa,BW,7/21/2021 18:07,-20.4667,22.7167,61.65,25,0,6.2
136,Prince Rupert,CA,7/21/2021 18:03,54.3161,-130.3201,60.21,70,90,3.76
137,Kruisfontein,ZA,7/21/2021 18:07,-34.0033,24.7314,46.89,78,83,28.7
138,Vostok,RU,7/21/2021 18:07,46.4856,135.8833,66.52,94,20,3.85
139,Quatre Cocos,MU,7/21/2021 18:07,-20.2078,57.7625,71.1,65,99,20.15
140,Codrington,AU,7/21/2021 18:07,-38.2667,141.9667,41.65,94,100,9.48
141,Sambava,MG,7/21/2021 18:07,-14.2667,50.1667,72.05,85,50,14.43
142,Shimoda,JP,7/21/2021 18:07,34.6667,138.95,75.11,84,10,3.83
143,Velsk,RU,7/21/2021 18:07,61.0701,42.0983,54.82,58,65,3.44
144,Norman Wells,CA,7/21/2021 18:07,65.282,-126.8329,76.89,42,89,8.01
145,Isla Mujeres,MX,7/21/2021 18:07,21.2311,-86.731,85.98,69,4,9.86
146,Boa Vista,BR,7/21/2021 18:07,2.8197,-60.6733,89.58,51,40,3.44
147,Clyde River,CA,7/21/2021 18:07,70.4692,-68.5914,38.21,81,96,2.19
148,Mahebourg,MU,7/21/2021 18:07,-20.4081,57.7,71.26,67,92,21.34
149,Primorsk,UA,7/21/2021 18:07,46.7348,36.3443,73.29,71,0,19.82
150,Hasaki,JP,7/21/2021 18:07,35.7333,140.8333,73.8,87,8,3.58
151,Klaksvik,FO,7/21/2021 18:07,62.2266,-6.589,56.32,88,7,17.45
152,Sosnovo-Ozerskoye,RU,7/21/2021 18:07,52.5249,111.5418,55.27,98,100,8.39
153,Aswan,EG,7/21/2021 18:07,24.0934,32.907,101.59,14,90,10.6
154,San Felipe,VE,7/21/2021 18:07,10.3399,-68.7425,91.51,40,38,7.4
155,Vikhorevka,RU,7/21/2021 18:07,56.1201,101.1636,63.99,92,93,5.93
156,Vila,PT,7/21/2021 18:07,42.0304,-8.1588,78.75,59,3,6.02
157,Shelburne,CA,7/21/2021 18:07,44.0787,-80.2041,72.66,34,0,11.25
158,Isangel,VU,7/21/2021 18:07,-19.55,169.2667,74.39,87,46,1.66
159,Dubna,RU,7/21/2021 18:07,56.7333,37.1667,58.06,90,76,5.48
160,Baghdad,IQ,7/21/2021 18:07,33.3406,44.4009,105.71,18,0,11.5
161,Salalah,OM,7/21/2021 18:07,17.0151,54.0924,78.89,94,75,6.91
162,Vila Velha,BR,7/21/2021 18:07,-20.3297,-40.2925,73.35,64,20,10.36
163,Goya,AR,7/21/2021 18:07,-29.14,-59.2626,70.57,28,0,6.44
164,Tuatapere,NZ,7/21/2021 18:07,-46.1333,167.6833,44.82,88,100,5.08
165,Rio Grande,BR,7/21/2021 18:07,-32.035,-52.0986,66.31,47,2,6.02
166,Bambous Virieux,MU,7/21/2021 18:07,-20.3428,57.7575,71.22,65,98,20.83
167,Mafeteng,LS,7/21/2021 18:07,-29.823,27.2374,34.74,31,0,6.82
168,Puerto Ayora,EC,7/21/2021 18:07,-0.7393,-90.3518,75.54,88,100,10
169,Laguna,US,7/21/2021 18:04,38.421,-121.4238,94.84,49,1,3
170,Ayan,RU,7/21/2021 18:07,56.45,138.1667,57.79,95,22,7.65
171,Salekhard,RU,7/21/2021 18:03,66.53,66.6019,53.15,89,71,7.87
172,Ponta Do Sol,PT,7/21/2021 18:07,32.6667,-17.1,75.83,76,0,0.92
173,Geraldton,AU,7/21/2021 18:07,-28.7667,114.6,59.41,94,90,4.61
174,Belvidere,US,7/21/2021 18:07,42.2639,-88.8443,75.38,89,100,3.22
175,Pisco,PE,7/21/2021 18:07,-13.7,-76.2167,65.01,77,40,8.05
176,Portree,GB,7/21/2021 18:07,57.4129,-6.1942,66.85,83,1,6.29
177,Ewa Beach,US,7/21/2021 18:07,21.3156,-158.0072,80.55,73,75,10
178,Sur,OM,7/21/2021 18:07,22.5667,59.5289,95.83,41,67,17.11
179,Leningradskiy,RU,7/21/2021 18:07,69.3833,178.4167,36.91,80,100,5.12
180,Namibe,AO,7/21/2021 18:07,-15.1961,12.1522,66.13,79,0,4.38
181,Umm Lajj,SA,7/21/2021 18:07,25.0213,37.2685,87.57,65,36,4.47
182,Ilhabela,BR,7/21/2021 18:02,-23.7781,-45.3581,67.69,60,89,4.34
183,Tezu,IN,7/21/2021 18:07,27.9167,96.1667,77.97,94,97,4.34
184,Kristiinankaupunki,FI,7/21/2021 18:07,62.2743,21.376,62.24,65,15,14.14
185,Capitao Poco,BR,7/21/2021 18:02,-1.7464,-47.0594,80.73,87,15,5.75
186,Morogoro,TZ,7/21/2021 18:07,-6.8167,37.6667,72.39,66,85,3.2
187,Kavieng,PG,7/21/2021 18:07,-2.5744,150.7967,81.55,79,99,11.03
188,Nelson Bay,AU,7/21/2021 18:07,-32.7167,152.15,46.96,75,83,1.01
189,Jumla,NP,7/21/2021 18:03,29.2747,82.1838,64.24,96,100,2.37
190,Huanren,CN,7/21/2021 18:07,41.2647,125.3667,72.1,93,100,0.4
191,Cidreira,BR,7/21/2021 18:07,-30.1811,-50.2056,63.12,46,1,6.93
192,Seoul,KR,7/21/2021 18:07,37.5683,126.9778,80.04,64,91,2.01
193,Nipawin,CA,7/21/2021 18:07,53.3668,-104.0009,69.84,83,90,9.22
194,Bambanglipuro,ID,7/21/2021 18:07,-7.95,110.2833,74.86,89,19,4.65
195,Acarau,BR,7/21/2021 18:07,-2.8856,-40.12,87.15,51,4,19.13
196,Caravelas,BR,7/21/2021 18:07,-17.7125,-39.2481,75.88,54,52,7.43
197,Kurilsk,RU,7/21/2021 18:07,45.2333,147.8833,55,92,66,2.95
198,Chirongui,YT,7/21/2021 18:07,-12.9319,45.1483,75.13,64,5,3.83
199,San Quintin,MX,7/21/2021 18:07,30.4833,-115.95,75.87,69,64,12.71
200,Sao Borja,BR,7/21/2021 18:07,-28.6606,-56.0044,67.69,35,0,4.18
201,Redcar,GB,7/21/2021 18:07,54.6166,-1.06,77.25,62,65,9.13
202,Nakusp,CA,7/21/2021 18:07,50.2499,-117.8023,84.09,20,0,3.67
203,Yar-Sale,RU,7/21/2021 18:07,66.8333,70.8333,57.27,88,100,3.83
204,Thompson,CA,7/21/2021 18:04,55.7435,-97.8558,82.58,26,89,6.4
205,Tateyama,JP,7/21/2021 18:07,34.9833,139.8667,80.02,84,6,1.83
206,Santa Rosalia,MX,7/21/2021 18:07,27.3167,-112.2833,89.31,52,98,9.35
207,Abu Samrah,SY,7/21/2021 18:07,35.3029,37.1841,78.64,52,0,17.38
208,Bollnas,SE,7/21/2021 18:07,61.3482,16.3946,71.13,55,41,2.53
209,Chicama,PE,7/21/2021 18:07,-7.8447,-79.1469,64.94,60,4,10.07
210,Kutum,SD,7/21/2021 18:07,14.2,24.6667,84.94,32,100,5.79
211,Mogadishu,SO,7/21/2021 18:03,2.0371,45.3438,76.75,87,68,19.37
212,Fez,MA,7/21/2021 18:07,34.0372,-4.9998,98.85,20,0,9.22
213,Bathsheba,BB,7/21/2021 18:07,13.2167,-59.5167,84.81,79,75,20.71
214,Ambon,ID,7/21/2021 18:07,-3.6954,128.1814,78.91,83,95,8.95
215,Grand Gaube,MU,7/21/2021 18:07,-20.0064,57.6608,71.38,69,82,10
216,Vesyegonsk,RU,7/21/2021 18:07,58.664,37.2604,58.24,59,31,4.14
217,Gornozavodsk,RU,7/21/2021 18:07,58.3758,58.3211,58.03,73,30,2.17
218,Kidal,ML,7/21/2021 18:07,18.4411,1.4078,94.01,31,100,12.91
219,Filingue,NE,7/21/2021 18:07,14.3521,3.3168,92.07,36,100,9.4
220,Termoli,IT,7/21/2021 18:07,41.9888,14.9895,85.26,48,0,3.71
221,Gat,IL,7/21/2021 18:07,31.61,34.7642,82.81,13,0,8.28
222,Vanavara,RU,7/21/2021 18:07,60.34,102.2797,56.03,82,88,2.37
223,Taoudenni,ML,7/21/2021 18:07,22.6783,-3.9836,116.89,6,91,13.8
224,Saint-Leu,RE,7/21/2021 18:07,-21.15,55.2833,68.86,75,22,9.1
225,Brae,GB,7/21/2021 18:07,60.3964,-1.353,53.51,86,74,12.5
226,Labatlan,HU,7/21/2021 18:07,47.7473,18.4962,77.67,51,8,5.1
227,Hameln,DE,7/21/2021 18:07,52.104,9.3562,73.11,74,68,2.71
228,Peachland,CA,7/21/2021 18:07,49.7665,-119.7357,80.67,31,0,4
229,Labuhan,ID,7/21/2021 18:07,-6.8844,112.2051,77.41,81,53,5.7
230,Ponta Delgada,PT,7/21/2021 18:03,37.7333,-25.6667,72.32,73,20,14.97
231,Pevek,RU,7/21/2021 18:07,69.7008,170.3133,39.67,67,9,0.69
232,Saraland,US,7/21/2021 18:07,30.8207,-88.0706,89.13,49,55,6.98
233,Talnakh,RU,7/21/2021 18:07,69.4865,88.3972,56.64,54,15,4.97
234,Udachnyy,RU,7/21/2021 18:07,66.4167,112.4,59.7,87,100,7.81
235,Saint-Augustin,CA,7/21/2021 18:07,51.226,-58.6502,65.19,51,100,10.36
236,Kamsack,CA,7/21/2021 18:07,51.5667,-101.9009,75.65,51,47,6.73
237,Matadi,CD,7/21/2021 18:07,-5.8167,13.45,83.39,43,0,7.92
238,Anadyr,RU,7/21/2021 18:07,64.75,177.4833,48,87,100,6.55
239,Sitka,US,7/21/2021 18:07,57.0531,-135.33,57.09,77,75,5.75
240,Merrill,US,7/21/2021 18:06,45.1805,-89.6835,73.81,54,1,3.44
241,Kenai,US,7/21/2021 18:07,60.5544,-151.2583,57.02,96,90,9.22
242,Muli,MV,7/21/2021 18:07,2.9167,73.5667,83.53,74,100,14.67
243,Miri,MY,7/21/2021 18:07,4.4148,114.0089,78.67,86,93,3.89
244,Tchibanga,GA,7/21/2021 18:07,-2.85,11.0333,73.74,72,19,5.88
245,Kargasok,RU,7/21/2021 18:07,59.0556,80.8572,66.2,66,43,7.38
246,Coquimbo,CL,7/21/2021 18:07,-29.9533,-71.3436,55.13,76,40,12.66
247,Valle De Juarez,MX,7/21/2021 18:07,19.9333,-102.9333,68.95,73,100,3.11
248,Badiraguato,MX,7/21/2021 18:08,25.3667,-107.5167,91.18,43,76,3.89
249,Mugango,TZ,7/21/2021 18:08,-1.6833,33.7,71.65,65,1,1.5
250,Darhan,MN,7/21/2021 18:08,49.4867,105.9228,58.69,94,74,3.36
251,Ancud,CL,7/21/2021 18:08,-41.8697,-73.8203,53.13,90,100,11.41
252,Lasa,IT,7/21/2021 18:08,46.6166,10.7002,78.71,72,27,1.3
253,Kaeo,NZ,7/21/2021 18:08,-35.1,173.7833,57.33,95,100,10.71
254,Cap Malheureux,MU,7/21/2021 18:08,-19.9842,57.6142,71.47,69,75,10
255,Rocha,UY,7/21/2021 18:06,-34.4833,-54.3333,61.11,50,3,3.24
256,Pringsewu,ID,7/21/2021 18:08,-5.3582,104.9744,73.54,94,42,4.21
257,Xinxiang,CN,7/21/2021 18:08,35.3089,113.8672,72.25,97,100,8.97
258,Ivanovka,KG,7/21/2021 18:08,42.8878,75.085,72.03,53,100,8.66
259,Mount Pleasant,US,7/21/2021 18:08,32.7941,-79.8626,89.01,71,20,1.99
260,Chuy,UY,7/21/2021 18:08,-33.6971,-53.4616,58.37,57,2,5.1
261,Jati,PK,7/21/2021 18:08,24.3539,68.2671,84.15,77,26,23.4
262,Kaitangata,NZ,7/21/2021 18:08,-46.2817,169.8464,49.93,85,98,4.23
263,Adrar,MR,7/21/2021 18:08,20.5022,-10.0711,105.39,6,92,16.31
264,Greenwood,US,7/21/2021 18:07,34.1668,-82.1165,86.99,70,1,1.01
265,Upata,VE,7/21/2021 18:08,8.0086,-62.3989,83.19,87,88,5.93
266,Broome,US,7/21/2021 18:08,42.2506,-75.833,72.01,76,90,4
267,Marsa Matruh,EG,7/21/2021 18:08,31.3525,27.2453,79.79,74,1,12.8
268,San Cristobal,VE,7/21/2021 18:06,7.7669,-72.225,75.38,94,91,5.75
269,Necochea,AR,7/21/2021 18:05,-38.5473,-58.7368,62.04,50,100,10.09
270,Port Blair,IN,7/21/2021 18:08,11.6667,92.75,81.77,85,100,22.17
271,Amga,RU,7/21/2021 18:08,60.8953,131.9608,64.4,74,100,5.97
272,Druzhba,UA,7/21/2021 18:08,52.0428,33.9453,60.6,96,89,6.46
273,Henties Bay,NA,7/21/2021 18:08,-22.116,14.2845,56.86,81,0,9.55
274,Oistins,BB,7/21/2021 18:03,13.0667,-59.5333,82.69,71,100,17.65
275,Tambura,SS,7/21/2021 18:08,5.6,27.4667,76.41,63,100,3.31
276,Alenquer,BR,7/21/2021 18:04,-1.9417,-54.7383,88.14,44,17,6.71
277,Port Hedland,AU,7/21/2021 18:08,-20.3167,118.5667,69.85,94,14,9.22
278,Havelock,US,7/21/2021 18:08,34.8791,-76.9013,86.99,77,75,8.99
279,Lompoc,US,7/21/2021 18:08,34.6391,-120.4579,89.13,74,1,12.66
280,Bethune,FR,7/21/2021 18:08,50.5333,2.6333,79.29,66,35,9.22
281,Upernavik,GL,7/21/2021 18:08,72.7868,-56.1549,42.31,82,50,6.85
282,Raha,IN,7/21/2021 18:08,26.2333,92.5167,81.95,88,99,1.88
283,Martvili,GE,7/21/2021 18:08,42.4144,42.3792,80.65,88,80,3.62
284,Connersville,US,7/21/2021 18:08,39.6412,-85.1411,81.79,69,66,7.29
285,Srednekolymsk,RU,7/21/2021 18:08,67.45,153.6833,54.95,85,41,4.03
286,Buraydah,SA,7/21/2021 18:05,26.326,43.975,97.99,21,36,6.58
287,Turek,PL,7/21/2021 18:08,52.0155,18.5005,69.98,68,65,6.17
288,Severnyy,RU,7/21/2021 18:08,50.677,36.5532,68.04,94,0,6.71
289,Houma,US,7/21/2021 18:08,29.5958,-90.7195,91,70,40,10.36
290,Constitucion,CL,7/21/2021 18:05,-35.3333,-72.4167,61.3,64,100,3.36
291,Goldap,PL,7/21/2021 18:08,54.3063,22.3036,63.54,70,42,8.39
292,Port Hardy,CA,7/21/2021 18:08,50.6996,-127.4199,58.32,72,50,4.63
293,Cockburn Town,TC,7/21/2021 18:06,21.4612,-71.1419,85.96,66,40,14.97
294,Nanortalik,GL,7/21/2021 18:08,60.1432,-45.2371,45.72,97,100,6.89
295,Annau,TM,7/21/2021 18:08,37.8876,58.516,97.05,13,58,9.62
296,Dukat,RU,7/21/2021 18:08,62.55,155.55,60.39,68,99,3.42
297,Taber,CA,7/21/2021 18:08,49.8167,-112.1518,90.34,16,2,6.46
298,Humboldt,US,7/21/2021 18:08,40.6665,-123.9178,58.12,51,38,7.23
299,Bay City,US,7/21/2021 18:08,43.5945,-83.8889,76.1,47,20,9.22
300,Korla,CN,7/21/2021 18:08,41.7597,86.1469,85.89,22,98,7.54
301,Georgetown,MY,7/21/2021 18:08,5.4112,100.3354,84.88,81,20,3.44
302,Nieuw Amsterdam,SR,7/21/2021 18:08,5.8833,-55.0833,93.22,49,40,5.75
303,Iquique,CL,7/21/2021 18:08,-20.2208,-70.1431,60.84,65,8,5.7
304,Hualmay,PE,7/21/2021 18:08,-11.0964,-77.6139,68.94,68,20,10.47
305,Hamilton,US,7/21/2021 18:04,39.1834,-84.5333,82.49,65,40,1.99
306,Triunfo,BR,7/21/2021 18:08,-29.9433,-51.7181,69.55,43,0,3.67
307,Manokwari,ID,7/21/2021 18:08,-0.8667,134.0833,77.47,84,84,5.14
308,Wanlaweyn,SO,7/21/2021 18:08,2.6185,44.8938,75.97,81,46,16.69
309,Port-Gentil,GA,7/21/2021 18:08,-0.7193,8.7815,75.65,79,43,16.4
310,Aklavik,CA,7/21/2021 18:08,68.2191,-135.0107,82.94,30,43,1.77
311,Tongliao,CN,7/21/2021 18:08,43.6125,122.2653,73.22,90,4,7.74
312,Revda,RU,7/21/2021 18:08,56.801,59.9303,65.21,92,71,3.02
313,Hobyo,SO,7/21/2021 18:08,5.3505,48.5268,77.88,80,57,25.72
314,Losal,IN,7/21/2021 18:08,27.4,74.9167,87.94,64,100,4.16
315,Songea,TZ,7/21/2021 18:08,-10.6833,35.65,65.91,65,100,3.29
316,Doctor Arroyo,MX,7/21/2021 18:08,23.6667,-100.1833,73.69,49,77,3.31
317,Margate,GB,7/21/2021 18:08,51.3813,1.3862,78.33,63,16,1.01
318,Mach,PK,7/21/2021 18:08,29.8637,67.3298,88.65,32,9,5.17
319,Atherton,GB,7/21/2021 18:08,53.5237,-2.4935,84.47,55,35,4.65
320,Lagos,NG,7/21/2021 18:08,6.5833,3.75,76.75,79,90,7.99
321,Ithaca,US,7/21/2021 18:08,42.4406,-76.4966,73.11,77,90,5.99
322,Otradnoye,RU,7/21/2021 18:08,59.7775,30.8181,64.45,52,58,7.45
323,Loding,NO,7/21/2021 18:08,67.3,14.75,51.71,95,75,8.01
324,Avera,US,7/21/2021 18:08,33.194,-82.5271,85.66,61,100,6.29
325,Carballo,ES,7/21/2021 18:08,43.213,-8.691,77.58,91,65,5.26
326,Kungurtug,RU,7/21/2021 18:08,50.5994,97.5228,58.91,73,74,3.11
327,Las Lomas,PA,7/21/2021 18:08,8.4333,-82.4,89.26,66,40,9.22
328,Kenora,CA,7/21/2021 18:08,49.8167,-94.4337,66.78,82,100,5.99
329,Ereymentau,KZ,7/21/2021 18:08,51.6199,73.1033,64.94,51,0,5.88
330,Opole,PL,7/21/2021 18:08,50.5,18,70.81,68,87,2.64
331,Butembo,CD,7/21/2021 18:08,0.15,29.2833,59.58,89,35,2.59
332,Spaichingen,DE,7/21/2021 18:08,48.0833,8.7167,72.14,88,29,4.94
333,Fort Nelson,CA,7/21/2021 18:08,58.8053,-122.7002,54.99,100,90,2.3
334,Muravlenko,RU,7/21/2021 18:08,63.7898,74.523,67.42,61,100,17.2
335,Valparai,IN,7/21/2021 18:08,10.3667,76.9667,60.57,90,100,5.14
336,Barretos,BR,7/21/2021 18:08,-20.5572,-48.5678,83.53,14,99,1.1
337,Kananga,CD,7/21/2021 18:08,-5.8958,22.4178,79.75,27,80,3.85
338,Porvoo,FI,7/21/2021 18:08,60.3923,25.6651,66.16,49,22,10.71
339,Roswell,US,7/21/2021 18:03,34.0232,-84.3616,85.8,77,75,1.01
340,Zapolyarnyy,RU,7/21/2021 18:08,69.4154,30.8136,47.48,80,98,13.71
341,Ojinaga,MX,7/21/2021 18:08,29.5667,-104.4167,88.75,27,40,5.75
342,College,US,7/21/2021 18:08,64.8569,-147.8028,66,71,75,0
343,Krasnyy Bogatyr,RU,7/21/2021 18:08,56.0145,41.1296,63.46,61,100,5.64
344,Coihaique,CL,7/21/2021 18:08,-45.5752,-72.0662,55.35,67,75,4.61
345,Thinadhoo,MV,7/21/2021 18:08,0.5333,72.9333,82.27,75,100,8.57
346,The Valley,AI,7/21/2021 18:08,18.217,-63.0578,85.1,77,3,15.77
347,Belmonte,BR,7/21/2021 18:08,-15.8631,-38.8828,75.7,65,85,12.8
348,Wagga Wagga,AU,7/21/2021 18:08,-35.1167,147.3667,30.61,100,6,5.75
349,Alofi,NU,7/21/2021 18:08,-19.0595,-169.9187,76.51,71,99,18.25
350,Saint George,US,7/21/2021 18:06,37.1041,-113.5841,99.07,30,1,1.99
351,Bandar-E Lengeh,IR,7/21/2021 18:08,26.5579,54.8807,93.83,66,17,15.57
352,Porkhov,RU,7/21/2021 18:08,57.765,29.5561,64.29,57,53,5.61
353,Honiara,SB,7/21/2021 18:08,-9.4333,159.95,75.92,89,29,5.19
354,Puerto Cabezas,NI,7/21/2021 18:08,14.0351,-83.3888,84.7,73,56,15.17
355,Mahalingpur,IN,7/21/2021 18:08,16.3833,75.1167,70.56,91,100,18.34
356,Narsaq,GL,7/21/2021 18:08,60.9167,-46.05,52.02,98,100,2.3
357,Kencong,ID,7/21/2021 18:08,-8.2833,113.3667,72.54,91,32,2.15
358,Zabaykalsk,RU,7/21/2021 18:08,49.6333,117.3167,68.61,85,94,6.17
359,Ribnica,SI,7/21/2021 18:08,45.7386,14.7275,75.83,73,0,4.74
360,Barcelona,ES,7/21/2021 18:06,41.3888,2.159,91.35,67,0,1.99
361,Moose Factory,CA,7/21/2021 18:08,51.2585,-80.6094,75.47,36,4,7.9
362,Homer,US,7/21/2021 18:08,59.6425,-151.5483,57.07,94,90,0
363,Fortuna,US,7/21/2021 18:07,40.5982,-124.1573,66.92,70,90,1.01
364,Omboue,GA,7/21/2021 18:08,-1.5746,9.2618,73.9,79,50,11.32
365,Betlitsa,RU,7/21/2021 18:08,54.0095,33.9588,63.23,67,97,5.28
366,Srandakan,ID,7/21/2021 18:08,-7.9386,110.2506,75.15,88,20,4.7
367,Nioro,GM,7/21/2021 18:08,13.35,-15.75,85.69,69,98,8.75
368,Sakakah,SA,7/21/2021 18:08,29.9697,40.2064,101.3,14,0,14.5
369,Scarborough,GB,7/21/2021 18:07,54.2797,-0.4044,76.82,77,17,3
370,Saint-Pierre,RE,7/21/2021 18:08,-21.3393,55.4781,69.48,82,20,20.71
371,Carbonia,IT,7/21/2021 18:08,39.1672,8.5222,81.84,46,4,7.52
372,Neiafu,TO,7/21/2021 18:08,-18.65,-173.9833,74.08,88,20,2.3
373,Xinye,CN,7/21/2021 18:08,32.5186,112.3522,75.16,95,45,6.08
374,Atasu,KZ,7/21/2021 18:08,48.6814,71.6433,69.42,52,18,16.71
375,Waipawa,NZ,7/21/2021 18:05,-41.4122,175.5153,50.63,85,100,6.58
376,Cabo San Lucas,MX,7/21/2021 18:08,22.8909,-109.9124,98.82,64,48,9.71
377,Jalu,LY,7/21/2021 18:08,29.0331,21.5482,91.87,28,0,11.1
378,Palana,RU,7/21/2021 18:08,59.1167,159.9667,50.34,80,100,17.22
379,Mattru,SL,7/21/2021 18:08,7.6244,-11.8332,77.9,83,100,5.23
380,Sangar,RU,7/21/2021 18:08,63.9242,127.4739,55.04,95,52,5.39
381,Cabildo,AR,7/21/2021 18:08,-38.4842,-61.8954,64.24,33,100,8.05
382,Manga,BF,7/21/2021 18:08,11.6636,-1.0731,89.83,45,69,6.42
383,Aranos,NA,7/21/2021 18:08,-24.1333,19.1167,47.01,32,0,7.92
384,Svirsk,RU,7/21/2021 18:08,53.0858,103.3325,59.02,90,48,6.76
385,Abeche,TD,7/21/2021 18:08,13.8292,20.8324,88.02,48,100,7.96
386,Marrakesh,MA,7/21/2021 18:08,31.6315,-8.0083,104.07,21,40,4.61
387,Lima,PE,7/21/2021 18:04,-12.0432,-77.0282,71.91,69,17,10.47
388,Roald,NO,7/21/2021 18:08,62.5833,6.1333,66.16,77,40,16.11
389,Buzmeyin,TM,7/21/2021 18:08,38.0507,58.2056,95.47,13,49,7.2
390,Dongsheng,CN,7/21/2021 18:08,39.8161,109.9776,65.79,81,51,16.55
391,Lagoa,PT,7/21/2021 18:08,39.05,-27.9833,68.31,68,35,17.02
392,Matagami,CA,7/21/2021 18:08,49.7502,-77.6328,70.79,30,2,6.33
393,Jagdalpur,IN,7/21/2021 18:08,19.0667,82.0333,72.36,96,100,7.85
394,Mana,GF,7/21/2021 18:08,5.6592,-53.7767,83.98,73,40,9.57
395,Santa Cruz,BO,7/21/2021 18:08,-17.8,-63.1667,83.25,17,97,4.88
396,Ivanjica,RS,7/21/2021 18:08,43.5803,20.2311,71.82,80,6,2.73
397,Nipani,IN,7/21/2021 18:08,16.4,74.3833,70.38,93,100,17.07
398,Quang Ngai,VN,7/21/2021 18:07,15.1167,108.8,77.05,88,99,6.29
399,East London,ZA,7/21/2021 18:08,-33.0153,27.9116,62.15,28,3,20.76
400,Pyaozerskiy,RU,7/21/2021 18:08,65.8333,31.1667,50.7,79,100,6.55
401,Sooke,CA,7/21/2021 18:03,48.3746,-123.7276,69.21,61,13,9.37
402,Langsa,ID,7/21/2021 18:08,4.4683,97.9683,75.15,96,81,2.48
403,Mezen,RU,7/21/2021 18:08,65.8522,44.24,47.84,78,45,4.74
404,Worthington,US,7/21/2021 18:08,40.0931,-83.018,79.88,66,75,3
405,Comodoro Rivadavia,AR,7/21/2021 18:08,-45.8667,-67.5,62.46,36,0,13.8
406,Odweyne,SO,7/21/2021 18:08,9.4092,45.064,76.35,44,90,22.32
407,Roura,GF,7/21/2021 18:08,4.7263,-52.3274,86.97,74,75,2.3
408,Itarema,BR,7/21/2021 18:08,-2.9248,-39.9167,85.68,53,3,18.48
409,Pasan,IN,7/21/2021 18:08,22.85,82.2,76.89,89,100,3.04
410,Ligayan,PH,7/21/2021 18:08,4.6533,119.4706,84.02,77,59,14
411,Balikpapan,ID,7/21/2021 18:08,-1.2675,116.8289,76.82,84,99,10.63
412,Biak,ID,7/21/2021 18:08,-0.9131,122.8766,74.46,91,100,8.1
413,Chapada Dos Guimaraes,BR,7/21/2021 18:08,-15.4606,-55.7497,83.86,14,0,4.9
414,Great Yarmouth,GB,7/21/2021 18:08,52.6083,1.7305,76.55,73,13,7.65
415,Ixtapa,MX,7/21/2021 18:08,20.7,-105.2,89.22,73,67,4
416,Esperance,AU,7/21/2021 18:08,-33.8667,121.9,56.57,72,88,24.81
417,Nadadores,MX,7/21/2021 18:08,27.05,-101.6,84.24,42,9,8.14
418,Mirabad,AF,7/21/2021 18:08,30.4362,61.8383,96.58,12,0,26.19
419,Lang Son,VN,7/21/2021 18:08,21.8333,106.7333,75.04,96,93,0.45
420,Yumen,CN,7/21/2021 18:08,40.2833,97.2,78.4,37,94,10
421,Samarai,PG,7/21/2021 18:08,-10.6167,150.6667,77.32,83,81,16.67
422,Rajauri,IN,7/21/2021 18:08,33.3833,74.3,72.09,79,7,4.61
423,Cienfuegos,CU,7/21/2021 18:08,22.1461,-80.4356,92.21,66,40,8.05
424,Grindavik,IS,7/21/2021 18:08,63.8424,-22.4338,55.87,94,75,11.5
425,Buala,SB,7/21/2021 18:08,-8.145,159.5921,78.94,83,64,6.24
426,Katsuura,JP,7/21/2021 18:08,35.1333,140.3,80.11,85,8,1.12
427,Concepcion Del Oro,MX,7/21/2021 18:08,24.6333,-101.4167,70.99,43,42,0.76
428,Sola,VU,7/21/2021 18:08,-13.8833,167.55,79.79,76,7,10.54
429,Souillac,MU,7/21/2021 18:08,-20.5167,57.5167,71.37,71,88,20.11
430,Krasnoselkup,RU,7/21/2021 18:08,65.7,82.4667,60.62,63,100,12.08
431,Duekoue,CI,7/21/2021 18:08,6.7472,-7.3496,78.73,77,84,1.48
432,Santiago,CL,7/21/2021 18:08,-33.4569,-70.6483,78.24,17,75,2.3
433,Bauchi,NG,7/21/2021 18:08,10.5,10,73.98,87,99,6.4
434,Uruguaiana,BR,7/21/2021 18:08,-29.7547,-57.0883,69.73,40,0,6.91
435,Saryozek,KZ,7/21/2021 18:08,44.3583,77.9753,74.1,43,100,1.36
436,Kizukuri,JP,7/21/2021 18:08,40.8061,140.3861,73.94,90,77,4.52
437,Kaputa,ZM,7/21/2021 18:09,-8.4689,29.6619,72.9,40,2,4.59
438,Sandovo,RU,7/21/2021 18:09,58.4602,36.4128,55.15,66,55,3.96
439,Faya,SA,7/21/2021 18:09,18.3851,42.4509,61.32,90,81,9.95
440,Adre,TD,7/21/2021 18:09,13.4667,22.2,74.88,80,99,10.25
441,Fairbanks,US,7/21/2021 18:09,64.8378,-147.7164,66.09,72,90,0
442,Berea,US,7/21/2021 18:07,41.3662,-81.8543,74.28,74,90,1.99
443,Khash,IR,7/21/2021 18:09,28.2211,61.2158,83.61,14,0,7.81
444,Kitimat,CA,7/21/2021 18:09,54.0524,-128.6534,59.92,79,100,1.01
445,Moss Vale,AU,7/21/2021 18:09,-34.55,150.3833,36.01,92,0,3.4
446,Presidencia Roque Saenz Pena,AR,7/21/2021 18:09,-26.7852,-60.4388,73.51,22,0,7.56
447,Saint-Louis,SN,7/21/2021 18:09,16.3333,-15,95.79,30,43,20.92
448,Mayo,US,7/21/2021 18:09,38.8876,-76.5119,92.1,62,40,4
449,Buriti,BR,7/21/2021 18:09,-22.9302,-45.3881,78.17,19,96,1.77
450,Lavrentiya,RU,7/21/2021 18:09,65.5833,-171,40.24,83,100,6.38
451,Netishyn,UA,7/21/2021 18:09,50.34,26.6417,65.53,65,100,11.32
452,Ballina,AU,7/21/2021 18:09,-28.8667,153.5667,42.78,71,41,12.39
453,Tetouan,MA,7/21/2021 18:09,35.5711,-5.3724,86.88,36,0,6.26
454,Trinidad,BO,7/21/2021 18:09,-14.8333,-64.9,85.95,24,0,2.77
455,Huari,PE,7/21/2021 18:09,-9.3333,-77.2333,53.49,43,27,8.46
456,Daltenganj,IN,7/21/2021 18:09,24.0333,84.0667,81.3,81,100,2.77
457,Canberra,AU,7/21/2021 18:08,-35.2835,149.1281,31.75,93,1,0
458,Pryazha,RU,7/21/2021 18:09,61.6926,33.6216,60.03,44,62,3.2
459,Hambantota,LK,7/21/2021 18:09,6.1241,81.1185,80.87,78,100,20.13
460,Kuching,MY,7/21/2021 18:09,1.55,110.3333,75.42,94,20,3.44
461,Mindelo,CV,7/21/2021 18:09,16.8901,-24.9804,80.15,74,0,9.22
462,Bintulu,MY,7/21/2021 18:09,3.1667,113.0333,80.24,86,97,4.12
463,Worland,US,7/21/2021 18:04,44.0169,-107.9554,88.61,40,1,1.01
464,Soyo,AO,7/21/2021 18:09,-6.1349,12.3689,71.98,80,0,12.53
465,Zhigansk,RU,7/21/2021 18:09,66.7697,123.3711,53.26,67,7,7.81
466,Ust-Ilimsk,RU,7/21/2021 18:09,58.0006,102.6619,60.1,82,97,3.51
467,Chumikan,RU,7/21/2021 18:09,54.7183,135.315,69.93,80,54,15.5
468,Praia Da Vitoria,PT,7/21/2021 18:09,38.7333,-27.0667,69.3,71,16,18.48
469,Jacareacanga,BR,7/21/2021 18:09,-6.2222,-57.7528,99.25,23,0,4.68
470,Beyneu,KZ,7/21/2021 18:09,45.3167,55.2,98.64,18,70,5.66
471,Aksarka,RU,7/21/2021 18:09,66.5606,67.7975,53.35,87,100,8.28
472,Guiratinga,BR,7/21/2021 18:09,-16.3494,-53.7583,92.17,15,0,3.44
473,Xichang,CN,7/21/2021 18:09,27.8964,102.2634,65.64,94,99,2.8
474,Taksimo,RU,7/21/2021 18:09,56.3444,114.8794,62.96,69,100,1.21
475,Jardim,BR,7/21/2021 18:08,-21.4803,-56.1381,85.55,12,0,3.87
476,Hue,VN,7/21/2021 18:09,16.4667,107.6,86.11,66,40,4.61
477,Hukuntsi,BW,7/21/2021 18:09,-24,21.75,43.99,18,0,10.71
478,Villazon,BO,7/21/2021 18:09,-22.0866,-65.5942,57.29,12,0,2.46
479,Almaznyy,RU,7/21/2021 18:09,48.0448,40.045,80.74,73,46,4.97
480,Egvekinot,RU,7/21/2021 18:09,66.3167,-179.1667,39.85,86,95,8.72
481,Axim,GH,7/21/2021 18:09,4.8699,-2.2405,77.72,72,58,8.03
482,Archidona,ES,7/21/2021 18:09,37.0965,-4.3887,96.62,16,0,7.74
483,Mednogorskiy,RU,7/21/2021 18:09,43.9178,41.1825,65.43,71,58,6.46
484,Canutama,BR,7/21/2021 18:09,-6.5339,-64.3831,95.04,29,3,4.34
485,Kropotkin,RU,7/21/2021 18:09,45.4375,40.5756,77.59,79,8,11.95
486,Lashio,MM,7/21/2021 18:09,22.9333,97.75,70.07,98,96,3.22
487,Phangnga,TH,7/21/2021 18:09,8.4509,98.5298,84.24,94,97,4.18
488,Albi,FR,7/21/2021 18:04,43.9298,2.148,89.11,48,1,3
489,Kadoma,JP,7/21/2021 18:09,34.7333,135.5833,80.6,94,69,3.51
490,Yuzhou,CN,7/21/2021 18:09,34.1628,113.4639,74.91,97,95,6.58
491,Grootfontein,NA,7/21/2021 18:09,-19.5667,18.1167,60.22,23,0,8.48
492,San Andres,CO,7/21/2021 18:09,12.5847,-81.7006,86.02,74,40,14.97
493,Erenhot,CN,7/21/2021 18:09,43.6475,111.9767,81.46,45,86,15.7
494,Bilma,NE,7/21/2021 18:09,18.6853,12.9164,103.33,15,64,6.33
495,Ogbomosho,NG,7/21/2021 18:09,8.133,4.25,75,86,95,6.42
496,Ati,TD,7/21/2021 18:09,13.2154,18.3353,92.12,40,87,6.51
497,Kugulta,RU,7/21/2021 18:09,45.3636,42.3889,86.58,40,62,9.44
498,Coahuayana,MX,7/21/2021 18:09,18.7333,-103.6833,90.73,56,63,4.41
499,Guerrero Negro,MX,7/21/2021 18:09,27.9769,-114.0611,77.38,64,95,12.03
500,Mount Isa,AU,7/21/2021 18:09,-20.7333,139.5,46.17,66,100,0
501,Surt,LY,7/21/2021 18:09,31.2089,16.5887,79.81,68,0,11.41
502,Sagua La Grande,CU,7/21/2021 18:09,22.8067,-80.0756,92.39,55,1,8.95
503,Hami,CN,7/21/2021 18:07,42.8,93.45,87.37,22,91,7.96
504,Touros,BR,7/21/2021 18:09,-5.1989,-35.4608,83.3,65,23,17.22
505,Bacolod,PH,7/21/2021 18:09,10.6667,122.95,78.3,85,97,14.45
506,Fare,PF,7/21/2021 18:09,-16.7,-151.0167,78.28,78,9,19.89
507,Cabedelo,BR,7/21/2021 18:09,-6.9811,-34.8339,75.87,72,22,16.04
508,Yartsevo,RU,7/21/2021 18:09,55.0667,32.6964,61.05,69,45,7
509,Daru,PG,7/21/2021 18:09,-9.0763,143.2092,76.69,84,82,12.77
510,Luena,AO,7/21/2021 18:09,-11.7833,19.9167,61.95,30,0,4.36
511,Honningsvag,NO,7/21/2021 18:09,70.9821,25.9704,46.15,76,75,28.77
512,Tambacounda,SN,7/21/2021 18:09,13.7539,-13.7586,85.48,69,98,9.17
513,Wilmington,US,7/21/2021 18:04,34.2257,-77.9447,85.98,76,90,11.5
514,Corinto,GR,7/21/2021 18:07,37.9407,22.9573,88.41,55,25,1.88
515,Barkhan,PK,7/21/2021 18:09,29.8977,69.5256,77.18,56,79,5.28
516,Cherskiy,RU,7/21/2021 18:09,68.75,161.3,52.92,54,25,3.56
517,Winona,US,7/21/2021 18:09,43.9666,-91.7668,76.19,78,90,9.22
518,Tecoanapa,MX,7/21/2021 18:09,16.5167,-98.75,87.75,65,56,7.58
519,Riyadh,SA,7/21/2021 18:07,24.6877,46.7219,104.14,24,57,13.85
520,Chatrapur,IN,7/21/2021 18:09,19.35,84.9833,83.21,77,98,5.53
521,Pombas,CV,7/21/2021 18:09,17.1503,-25.0201,78.58,81,39,4.47
522,Oussouye,SN,7/21/2021 18:09,12.485,-16.5469,85.03,68,100,9.31
523,Deniliquin,AU,7/21/2021 18:09,-35.5333,144.9667,34,87,19,4.05
524,La Llave,MX,7/21/2021 18:09,20.4667,-99.9972,73.35,55,84,8.23
525,Kahului,US,7/21/2021 18:09,20.8947,-156.47,76.26,87,40,11.5
526,Havoysund,NO,7/21/2021 18:09,70.9963,24.6622,47.28,84,100,28.23
527,Mareeba,AU,7/21/2021 18:09,-17,145.4333,55.44,82,60,1.81
528,Poum,NC,7/21/2021 18:09,-20.2333,164.0167,71.49,64,36,11.61
529,Dongying,CN,7/21/2021 18:09,37.4564,118.4856,77.47,75,100,8.23
530,Morgantown,US,7/21/2021 18:09,39.6295,-79.9559,79.9,57,40,8.05
531,Mikhaylovka,RU,7/21/2021 18:09,50.06,43.2379,73.38,68,24,25.41
532,Kilindoni,TZ,7/21/2021 18:09,-7.9139,39.6668,76.71,77,2,8.61
533,Mangualde,PT,7/21/2021 18:09,40.6043,-7.7612,79.81,48,2,10.69
534,Cedar City,US,7/21/2021 18:09,37.6775,-113.0619,86.4,29,75,0
