City_ID,City,Country,Date,Lat,Lng,Max Temp,Humidity,Cloudiness,Wind Speed,Current Description
0,Butaritari,KI,2021-07-22 23:30:14,3.0707,172.7902,83.62,75,48,16.04,light rain
1,Jamestown,US,2021-07-22 23:33:00,42.097,-79.2353,72.72,46,1,6.91,clear sky
2,Codrington,AU,2021-07-22 23:34:27,-38.2667,141.9667,43.05,93,100,9.51,overcast clouds
3,Rikitea,PF,2021-07-22 23:34:27,-23.1203,-134.9692,73.27,73,10,18.45,light rain
4,Wukari,NG,2021-07-22 23:34:27,7.85,9.7833,72.46,88,100,6.24,overcast clouds
5,Albany,US,2021-07-22 23:31:36,42.6001,-73.9662,73.63,59,99,1.01,overcast clouds
6,Katol,IN,2021-07-22 23:34:28,21.2667,78.5833,72.16,92,100,8.03,heavy intensity rain
7,Mahanoro,MG,2021-07-22 23:34:28,-19.9,48.8,63.93,89,8,4.5,clear sky
8,Punta Arenas,CL,2021-07-22 23:34:28,-53.15,-70.9167,37.51,81,40,5.75,scattered clouds
9,Avarua,CK,2021-07-22 23:34:28,-21.2078,-159.775,78.85,83,75,13.8,broken clouds
10,Puerto Ayora,EC,2021-07-22 23:34:29,-0.7393,-90.3518,72.55,88,96,8.01,overcast clouds
11,Sochi,RU,2021-07-22 23:34:29,43.6,39.7303,68.09,82,52,5.12,moderate rain
12,Pevek,RU,2021-07-22 23:34:29,69.7008,170.3133,41.45,71,56,5.93,broken clouds
13,Cabo San Lucas,MX,2021-07-22 23:34:21,22.8909,-109.9124,101.52,48,1,11.5,clear sky
14,Severo-Kurilsk,RU,2021-07-22 23:34:30,50.6789,156.125,55.81,84,61,2.89,broken clouds
15,Mataura,NZ,2021-07-22 23:30:08,-46.1927,168.8643,46.47,81,12,3.04,few clouds
16,Hobart,AU,2021-07-22 23:29:58,-42.8794,147.3294,52.27,67,75,3.0,broken clouds
17,Saint-Philippe,RE,2021-07-22 23:34:30,-21.3585,55.7679,65.79,76,43,13.18,scattered clouds
18,Katobu,ID,2021-07-22 23:34:31,-4.9408,122.5276,76.21,88,88,3.33,overcast clouds
19,Kachiry,KZ,2021-07-22 23:34:31,53.0675,76.1036,65.55,68,0,5.06,clear sky
20,Gayeri,BF,2021-07-22 23:34:31,12.6497,0.4931,82.2,59,91,13.31,overcast clouds
21,Luderitz,NA,2021-07-22 23:32:44,-26.6481,15.1594,56.26,35,4,9.17,clear sky
22,Nuuk,GL,2021-07-22 23:34:32,64.1835,-51.7216,41.61,100,75,12.66,light snow
23,Norman Wells,CA,2021-07-22 23:34:32,65.282,-126.8329,78.84,50,40,13.8,scattered clouds
24,Bredasdorp,ZA,2021-07-22 23:30:18,-34.5322,20.0403,43.92,87,32,3.44,scattered clouds
25,Tasiilaq,GL,2021-07-22 23:34:33,65.6145,-37.6368,46.56,97,100,2.53,overcast clouds
26,Bluff,NZ,2021-07-22 23:34:33,-46.6,168.3333,46.8,68,25,11.41,scattered clouds
27,Hervey Bay,AU,2021-07-22 23:34:33,-25.2986,152.8535,62.71,73,35,2.55,scattered clouds
28,Palizada,MX,2021-07-22 23:34:34,18.25,-92.0833,93.18,65,12,8.19,few clouds
29,Kemijarvi,FI,2021-07-22 23:34:34,66.7131,27.4306,40.69,94,63,3.98,broken clouds
30,Poum,NC,2021-07-22 23:34:34,-20.2333,164.0167,71.53,69,1,3.24,clear sky
31,Itaituba,BR,2021-07-22 23:33:08,-4.2761,-55.9836,80.47,61,47,2.77,scattered clouds
32,Vaini,TO,2021-07-22 23:30:07,-21.2,-175.2,80.76,78,20,6.91,few clouds
33,Sangar,RU,2021-07-22 23:34:35,63.9242,127.4739,67.84,59,57,3.33,broken clouds
34,Castro,BR,2021-07-22 23:34:35,-24.7911,-50.0119,49.01,56,0,3.6,clear sky
35,Ushuaia,AR,2021-07-22 23:33:02,-54.8,-68.3,40.66,60,40,2.3,scattered clouds
36,Yellowknife,CA,2021-07-22 23:34:36,62.456,-114.3525,70.32,64,75,8.05,smoke
37,Labuhan,ID,2021-07-22 23:34:36,-6.8844,112.2051,77.65,81,58,6.87,broken clouds
38,Collie,AU,2021-07-22 23:34:37,-33.3667,116.15,52.99,80,87,12.08,overcast clouds
39,Ribeira Grande,PT,2021-07-22 23:34:37,38.5167,-28.7,66.6,77,20,6.91,few clouds
40,Pangody,RU,2021-07-22 23:34:37,65.85,74.4859,53.11,67,99,7.65,overcast clouds
41,Mwingi,KE,2021-07-22 23:34:38,-0.9344,38.0601,63.84,80,41,5.97,scattered clouds
42,Tuktoyaktuk,CA,2021-07-22 23:34:38,69.4541,-133.0374,51.8,93,90,14.97,overcast clouds
43,Hilo,US,2021-07-22 23:32:59,19.7297,-155.09,87.28,80,75,16.11,light rain
44,North Bend,US,2021-07-22 23:33:45,43.4065,-124.2243,75.24,64,1,20.71,clear sky
45,College,US,2021-07-22 23:34:39,64.8569,-147.8028,80.58,42,40,3.44,smoke
46,Acajutla,SV,2021-07-22 23:34:39,13.5928,-89.8275,97.14,70,38,5.77,scattered clouds
47,Port Alfred,ZA,2021-07-22 23:34:39,-33.5906,26.891,51.49,72,96,20.02,light rain
48,Khatanga,RU,2021-07-22 23:34:40,71.9667,102.5,62.49,64,79,10.36,broken clouds
49,Mahebourg,MU,2021-07-22 23:34:41,-20.4081,57.7,70.09,73,40,11.5,light rain
50,Urubicha,BO,2021-07-22 23:34:41,-15.3833,-62.95,73.27,41,0,1.72,clear sky
51,Ketchikan,US,2021-07-22 23:34:41,55.3422,-131.6461,59.47,77,90,14.97,light rain
52,Mabaruma,GY,2021-07-22 23:34:42,8.2,-59.7833,74.91,98,60,2.75,broken clouds
53,The Valley,AI,2021-07-22 23:34:42,18.217,-63.0578,82.54,83,40,12.66,scattered clouds
54,Busselton,AU,2021-07-22 23:34:42,-33.65,115.3333,55.09,77,100,26.28,light rain
55,Broken Hill,AU,2021-07-22 23:31:23,-31.95,141.4333,44.31,93,90,11.5,overcast clouds
56,Kodiak,US,2021-07-22 23:33:19,57.79,-152.4072,54.91,88,90,12.66,moderate rain
57,Necochea,AR,2021-07-22 23:34:43,-38.5473,-58.7368,51.89,68,100,11.03,overcast clouds
58,Hobyo,SO,2021-07-22 23:34:43,5.3505,48.5268,76.89,85,25,29.15,scattered clouds
59,Colares,PT,2021-07-22 23:34:43,38.7992,-9.4469,67.28,75,81,1.99,broken clouds
60,Shubarshi,KZ,2021-07-22 23:34:44,48.5872,57.1869,82.2,29,43,9.04,scattered clouds
61,Aklavik,CA,2021-07-22 23:34:44,68.2191,-135.0107,56.23,88,90,17.27,overcast clouds
62,Sorong,ID,2021-07-22 23:34:44,-0.8833,131.25,81.5,81,90,11.68,overcast clouds
63,Dingle,PH,2021-07-22 23:34:45,10.9995,122.6711,81.36,80,100,17.52,moderate rain
64,Lagoa,PT,2021-07-22 23:34:45,39.05,-27.9833,67.39,77,2,9.84,clear sky
65,Haapiti,PF,2021-07-22 23:34:45,-17.5667,-149.8667,82.13,68,33,13.35,scattered clouds
66,Te Anau,NZ,2021-07-22 23:34:46,-45.4167,167.7167,45.63,77,32,1.23,scattered clouds
67,Cockburn Town,TC,2021-07-22 23:30:59,21.4612,-71.1419,81.7,84,71,19.1,broken clouds
68,La Ronge,CA,2021-07-22 23:34:46,55.1001,-105.2842,80.85,41,40,5.75,smoke
69,Worland,US,2021-07-22 23:32:23,44.0169,-107.9554,94.55,21,1,3.0,clear sky
70,Pochutla,MX,2021-07-22 23:34:47,15.7432,-96.4661,89.82,76,57,4.18,broken clouds
71,Ambon,ID,2021-07-22 23:34:47,-3.6954,128.1814,75.34,94,40,2.3,scattered clouds
72,Paamiut,GL,2021-07-22 23:34:47,61.994,-49.6678,41.59,97,92,4.29,overcast clouds
73,Montepuez,MZ,2021-07-22 23:34:47,-13.1256,38.9997,64.83,89,65,4.63,broken clouds
74,Bambous Virieux,MU,2021-07-22 23:32:06,-20.3428,57.7575,70.05,73,40,11.5,light rain
75,Lima,PE,2021-07-22 23:32:50,-12.0432,-77.0282,63.9,82,90,10.36,overcast clouds
76,Hambantota,LK,2021-07-22 23:34:48,6.1241,81.1185,79.92,79,100,20.47,overcast clouds
77,Ola,RU,2021-07-22 23:34:48,59.5833,151.2833,52.66,93,100,6.04,light rain
78,Victoria,HK,2021-07-22 23:30:53,22.2855,114.1577,85.32,86,97,1.01,light rain
79,Chokurdakh,RU,2021-07-22 23:34:49,70.6333,147.9167,51.64,50,1,8.72,clear sky
80,Fortuna,US,2021-07-22 23:31:49,40.5982,-124.1573,84.18,65,20,4.0,few clouds
81,Bogorodskoye,RU,2021-07-22 23:34:49,56.55,37.8833,58.78,73,97,2.62,overcast clouds
82,Fairbanks,US,2021-07-22 23:30:50,64.8378,-147.7164,80.6,42,1,8.05,smoke
83,Ponta Do Sol,PT,2021-07-22 23:34:50,32.6667,-17.1,74.03,80,23,5.97,few clouds
84,Harper,LR,2021-07-22 23:34:50,4.375,-7.7169,76.03,82,94,10.92,light rain
85,Najran,SA,2021-07-22 23:34:50,17.4924,44.1277,72.25,69,88,13.87,overcast clouds
86,Atuona,PF,2021-07-22 23:34:51,-9.8,-139.0333,77.41,73,90,8.61,overcast clouds
87,Sai Buri,TH,2021-07-22 23:34:51,6.7013,101.6168,78.76,86,99,3.18,overcast clouds
88,Dikson,RU,2021-07-22 23:34:51,73.5069,80.5464,38.46,96,98,18.68,overcast clouds
89,Lensk,RU,2021-07-22 23:34:52,60.7253,114.9278,70.95,64,69,0.65,broken clouds
90,Dubrovnik,HR,2021-07-22 23:30:43,42.6481,18.0922,80.24,29,0,17.27,clear sky
91,Ostrovnoy,RU,2021-07-22 23:34:52,68.0531,39.5131,39.76,87,48,19.17,scattered clouds
92,Luganville,VU,2021-07-22 23:34:52,-15.5333,167.1667,82.35,75,38,8.39,scattered clouds
93,Sao Filipe,CV,2021-07-22 23:32:38,14.8961,-24.4956,74.19,87,22,7.29,few clouds
94,Georgetown,MY,2021-07-22 23:30:07,5.4112,100.3354,83.89,85,20,5.75,light rain
95,Longyearbyen,SJ,2021-07-22 23:34:53,78.2186,15.6401,44.44,81,75,19.57,broken clouds
96,Port Arthur,CN,2021-07-22 23:34:54,38.8,121.2667,80.82,81,100,2.91,light rain
97,Pinotepa Nacional,MX,2021-07-22 23:34:54,16.3167,-98.0167,84.0,70,22,4.43,few clouds
98,Alofi,NU,2021-07-22 23:32:53,-19.0595,-169.9187,80.49,83,75,9.22,broken clouds
99,Bubaque,GW,2021-07-22 23:34:54,11.2833,-15.8333,80.28,85,34,15.75,light rain
100,Camopi,GF,2021-07-22 23:34:55,3.1655,-52.3158,72.88,99,62,2.51,broken clouds
101,Bengkulu,ID,2021-07-22 23:34:55,-3.8004,102.2655,75.51,84,69,3.4,broken clouds
102,Viedma,AR,2021-07-22 23:33:17,-40.8135,-62.9967,55.63,37,94,9.04,overcast clouds
103,Rovinj,HR,2021-07-22 23:34:55,45.08,13.64,71.29,69,58,4.81,broken clouds
104,Nanakuli,US,2021-07-22 23:34:56,21.3906,-158.1547,84.15,69,90,10.36,overcast clouds
105,Carnarvon,AU,2021-07-22 23:34:56,-24.8667,113.6333,57.27,78,6,3.44,clear sky
106,Mulege,MX,2021-07-22 23:34:56,26.8833,-111.9833,94.32,46,54,8.19,broken clouds
107,Aykhal,RU,2021-07-22 23:34:57,66.0,111.5,66.52,44,65,9.6,broken clouds
108,Moranbah,AU,2021-07-22 23:34:57,-22.0016,148.0466,68.7,53,8,16.58,clear sky
109,Komsomolskiy,UZ,2021-07-22 23:34:57,40.4272,71.7189,74.62,43,1,6.91,clear sky
110,East London,ZA,2021-07-22 23:34:57,-33.0153,27.9116,51.71,70,99,21.16,light rain
111,Tuatapere,NZ,2021-07-22 23:34:58,-46.1333,167.6833,46.81,70,12,5.55,few clouds
112,Clyde River,CA,2021-07-22 23:33:52,70.4692,-68.5914,37.63,100,90,6.91,light rain
113,Havoysund,NO,2021-07-22 23:34:58,70.9963,24.6622,43.68,77,100,20.6,overcast clouds
114,Bang Saphan,TH,2021-07-22 23:34:58,11.2126,99.5117,84.94,80,100,7.36,overcast clouds
115,Ilulissat,GL,2021-07-22 23:34:59,69.2167,-51.1,44.62,81,99,3.44,overcast clouds
116,Hermanus,ZA,2021-07-22 23:32:27,-34.4187,19.2345,43.9,78,29,10.47,scattered clouds
117,Samfya,ZM,2021-07-22 23:34:59,-11.3649,29.5565,59.11,55,2,6.15,clear sky
118,Cape Town,ZA,2021-07-22 23:32:33,-33.9258,18.4232,47.1,79,0,8.05,clear sky
119,Acapulco,MX,2021-07-22 23:32:55,16.8634,-99.8901,87.62,66,1,9.22,clear sky
120,Salinopolis,BR,2021-07-22 23:35:00,-0.6136,-47.3561,79.41,83,40,12.35,scattered clouds
121,Lavrentiya,RU,2021-07-22 23:35:00,65.5833,-171.0,43.03,80,99,2.55,overcast clouds
122,Oga,IT,2021-07-22 23:35:00,46.4631,10.347,57.88,86,15,1.97,few clouds
123,Hasaki,JP,2021-07-22 23:35:01,35.7333,140.8333,82.8,71,52,4.5,broken clouds
124,Qaanaaq,GL,2021-07-22 23:35:01,77.484,-69.3632,45.27,65,32,1.7,scattered clouds
125,Cidreira,BR,2021-07-22 23:35:02,-30.1811,-50.2056,58.82,84,20,15.26,few clouds
126,Sidi Bin Nur,TN,2021-07-22 23:35:02,35.5333,10.9167,76.91,68,0,5.91,clear sky
127,Adrar,MR,2021-07-22 23:35:02,20.5022,-10.0711,90.09,14,11,9.78,few clouds
128,Tanout,NE,2021-07-22 23:35:03,14.9709,8.8879,86.18,50,63,14.72,broken clouds
129,Beloha,MG,2021-07-22 23:35:04,-25.1667,45.05,65.46,78,4,3.02,clear sky
130,Tahoua,NE,2021-07-22 23:35:04,14.8888,5.2692,87.13,49,84,8.63,broken clouds
131,Ventspils,LV,2021-07-22 23:33:59,57.3894,21.5606,69.73,78,0,13.8,clear sky
132,Coquimbo,CL,2021-07-22 23:30:32,-29.9533,-71.3436,51.53,87,90,2.3,overcast clouds
133,Baykit,RU,2021-07-22 23:35:04,61.67,96.37,64.38,66,74,1.77,broken clouds
134,Phan Thiet,VN,2021-07-22 23:35:05,10.9333,108.1,79.93,79,100,13.78,overcast clouds
135,Upernavik,GL,2021-07-22 23:35:05,72.7868,-56.1549,40.39,95,100,3.47,overcast clouds
136,Agropoli,IT,2021-07-22 23:35:05,40.3469,14.9966,76.28,77,0,4.38,clear sky
137,Manado,ID,2021-07-22 23:35:06,1.487,124.8455,83.17,78,20,3.44,few clouds
138,Zhezkazgan,KZ,2021-07-22 23:35:06,47.8043,67.7144,71.37,44,0,8.46,clear sky
139,Hithadhoo,MV,2021-07-22 23:35:06,-0.6,73.0833,79.66,81,100,10.02,overcast clouds
140,Lebu,CL,2021-07-22 23:35:07,-37.6167,-73.65,49.95,88,100,6.44,overcast clouds
141,San Quintin,MX,2021-07-22 23:35:07,30.4833,-115.95,74.25,72,3,11.3,clear sky
142,Atocha,BO,2021-07-22 23:35:07,-20.9333,-66.2333,44.87,23,0,6.44,clear sky
143,Bonito Oriental,HN,2021-07-22 23:35:08,15.7477,-85.7356,85.62,60,32,6.35,scattered clouds
144,Kavaratti,IN,2021-07-22 23:35:08,10.5669,72.642,81.43,80,100,25.75,light rain
145,Grand Gaube,MU,2021-07-22 23:35:08,-20.0064,57.6608,70.2,71,47,4.0,light rain
146,Nome,US,2021-07-22 23:33:15,64.5011,-165.4064,51.17,71,20,17.27,few clouds
147,Palmer,US,2021-07-22 23:33:11,42.1584,-72.3287,75.81,58,100,1.34,overcast clouds
148,Lompoc,US,2021-07-22 23:34:36,34.6391,-120.4579,84.56,73,75,16.11,broken clouds
149,Mango,US,2021-07-22 23:35:09,27.9797,-82.3065,91.31,74,1,6.91,clear sky
150,Alta Floresta,BR,2021-07-22 23:35:10,-9.8756,-56.0861,76.44,32,0,3.67,clear sky
151,Faanui,PF,2021-07-22 23:33:38,-16.4833,-151.75,78.03,68,36,15.48,scattered clouds
152,Puerto Colombia,CO,2021-07-22 23:35:10,10.9878,-74.9547,82.49,86,99,26.46,overcast clouds
153,Brighton,GB,2021-07-22 23:35:10,50.8284,-0.1395,66.78,75,42,1.99,scattered clouds
154,Thompson,CA,2021-07-22 23:31:56,55.7435,-97.8558,80.76,54,40,9.22,smoke
155,Gravdal,NO,2021-07-22 23:34:13,68.1214,13.5031,48.67,79,100,11.48,overcast clouds
156,Porto Novo,BJ,2021-07-22 23:35:11,6.4965,2.6036,78.62,80,17,8.75,few clouds
157,Fare,PF,2021-07-22 23:35:11,-16.7,-151.0167,77.47,68,35,14.12,scattered clouds
158,Half Moon Bay,US,2021-07-22 23:35:12,37.4636,-122.4286,91.22,72,1,16.11,clear sky
159,Pangai,TO,2021-07-22 23:35:12,-19.8,-174.35,80.71,74,20,11.5,light rain
160,Kirakira,SB,2021-07-22 23:35:12,-10.4544,161.9205,83.75,73,31,8.12,scattered clouds
161,Dumai,ID,2021-07-22 23:35:12,1.6833,101.45,76.37,93,99,2.68,overcast clouds
162,Padang,ID,2021-07-22 23:35:13,-0.9492,100.3543,77.09,83,71,4.54,broken clouds
163,Tamala,RU,2021-07-22 23:35:13,52.541,43.2515,56.03,77,47,7.65,scattered clouds
164,Yeniseysk,RU,2021-07-22 23:35:13,58.4497,92.1703,62.01,70,17,1.12,few clouds
165,Torbay,CA,2021-07-22 23:32:39,47.6666,-52.7314,52.57,99,90,12.66,light intensity drizzle
166,Ordynskoye,RU,2021-07-22 23:35:14,54.3656,81.8994,61.66,83,34,7.2,scattered clouds
167,Courtenay,CA,2021-07-22 23:35:14,49.6866,-124.9936,77.99,40,40,10.36,scattered clouds
168,Uniontown,US,2021-07-22 23:35:15,39.9001,-79.7164,76.75,47,36,1.9,scattered clouds
169,Puerto Escondido,MX,2021-07-22 23:35:15,15.85,-97.0667,86.83,62,75,0.0,broken clouds
170,Greeneville,US,2021-07-22 23:33:16,36.1632,-82.831,85.93,61,1,0.0,clear sky
171,San Policarpo,PH,2021-07-22 23:35:15,12.1791,125.5072,84.24,67,100,14.56,overcast clouds
172,Alihe,CN,2021-07-22 23:35:16,50.5667,123.7167,76.64,78,83,4.9,broken clouds
173,Sergeyevka,KZ,2021-07-22 23:35:16,53.88,67.4158,73.87,39,44,14.25,scattered clouds
174,Tiksi,RU,2021-07-22 23:35:17,71.6872,128.8694,44.69,75,100,7.43,overcast clouds
175,Conde,BR,2021-07-22 23:35:17,-7.2597,-34.9075,74.66,83,0,8.05,clear sky
176,Tessalit,ML,2021-07-22 23:35:17,20.1986,1.0114,83.86,50,100,20.33,overcast clouds
177,Ancud,CL,2021-07-22 23:32:10,-41.8697,-73.8203,47.73,93,100,7.25,overcast clouds
178,Katherine,AU,2021-07-22 23:35:18,-14.4667,132.2667,64.72,55,36,3.44,scattered clouds
179,Rawson,AR,2021-07-22 23:35:18,-43.3002,-65.1023,55.35,39,100,9.95,overcast clouds
180,Nikolskoye,RU,2021-07-22 23:35:18,59.7035,30.7861,62.49,75,97,5.35,overcast clouds
181,Cantanhede,BR,2021-07-22 23:35:19,-3.6333,-44.3767,75.25,69,22,3.96,few clouds
182,Flin Flon,CA,2021-07-22 23:35:19,54.7682,-101.865,76.84,73,75,11.5,thunderstorm
183,Gulu,UG,2021-07-22 23:35:19,2.7746,32.299,64.53,84,20,2.53,few clouds
184,Tuban,ID,2021-07-22 23:35:20,-6.8976,112.0649,77.7,81,66,8.08,broken clouds
185,Barrow,US,2021-07-22 23:35:20,71.2906,-156.7887,39.22,81,90,13.8,overcast clouds
186,Lazaro Cardenas,MX,2021-07-22 23:35:20,17.9583,-102.2,85.14,75,35,8.5,scattered clouds
187,Policoro,IT,2021-07-22 23:35:21,40.2115,16.6726,76.6,39,0,5.57,clear sky
188,Lasa,IT,2021-07-22 23:35:21,46.6166,10.7002,65.28,84,13,2.48,few clouds
189,Linxia,CN,2021-07-22 23:35:21,35.6003,103.2064,69.51,63,56,1.5,broken clouds
190,Flinders,AU,2021-07-22 23:32:03,-34.5833,150.8552,55.38,65,94,7.0,light rain
191,Portland,US,2021-07-22 23:33:47,45.5234,-122.6762,84.63,37,20,3.0,few clouds
192,Namibe,AO,2021-07-22 23:35:22,-15.1961,12.1522,65.25,76,1,3.09,clear sky
193,Puerto Ayacucho,VE,2021-07-22 23:35:22,5.6639,-67.6236,75.69,92,87,2.91,overcast clouds
194,Port Elizabeth,ZA,2021-07-22 23:31:55,-33.918,25.5701,50.29,76,75,8.05,broken clouds
195,Baglan,AF,2021-07-22 23:35:22,36.1307,68.7083,80.65,23,0,3.87,clear sky
196,Burnie,AU,2021-07-22 23:32:06,-41.0667,145.9167,50.92,82,100,12.48,overcast clouds
197,Yerbogachen,RU,2021-07-22 23:35:23,61.2767,108.0108,65.86,71,96,2.37,overcast clouds
198,General Jose Eduvigis Diaz,PY,2021-07-22 23:35:23,-27.1667,-58.4167,69.84,47,13,6.98,few clouds
199,La Rioja,ES,2021-07-22 23:34:34,42.25,-2.5,68.04,23,4,7.78,clear sky
200,Kruisfontein,ZA,2021-07-22 23:35:24,-34.0033,24.7314,43.88,84,92,5.88,light rain
201,Geraldton,AU,2021-07-22 23:35:24,-28.7667,114.6,54.01,94,40,10.36,scattered clouds
202,Isangel,VU,2021-07-22 23:35:24,-19.55,169.2667,84.31,70,75,5.75,broken clouds
203,Yinchuan,CN,2021-07-22 23:35:25,38.4681,106.2731,78.66,60,62,5.5,broken clouds
204,Puerto Baquerizo Moreno,EC,2021-07-22 23:35:25,-0.9,-89.6,71.96,81,98,13.6,overcast clouds
205,Kaitangata,NZ,2021-07-22 23:35:25,-46.2817,169.8464,48.92,64,7,5.28,clear sky
206,Vestmanna,FO,2021-07-22 23:35:26,62.1564,-7.1664,47.32,100,20,2.3,few clouds
207,Bethel,US,2021-07-22 23:31:10,41.3712,-73.414,77.65,70,1,5.75,clear sky
208,Manoharpur,IN,2021-07-22 23:35:26,27.3,75.95,79.75,80,99,1.01,overcast clouds
209,Astana,KZ,2021-07-22 23:32:45,51.1801,71.446,55.35,76,0,6.71,clear sky
210,Brae,GB,2021-07-22 23:35:27,60.3964,-1.353,51.71,77,100,7.63,overcast clouds
211,Mar Del Plata,AR,2021-07-22 23:35:27,-38.0023,-57.5575,57.09,76,0,7.0,clear sky
212,Berlevag,NO,2021-07-22 23:35:27,70.8578,29.0864,43.7,82,100,27.56,overcast clouds
213,Grasten,DK,2021-07-22 23:35:27,54.9192,9.5952,60.1,86,75,1.99,broken clouds
214,Rocha,UY,2021-07-22 23:35:26,-34.4833,-54.3333,49.41,76,86,6.82,overcast clouds
215,Pafos,CY,2021-07-22 23:35:28,34.7667,32.4167,78.71,78,90,4.61,overcast clouds
216,Ozernovskiy,RU,2021-07-22 23:35:28,51.5,156.5167,53.49,87,100,1.43,overcast clouds
217,Kahramanmaras,TR,2021-07-22 23:35:29,38.0,37.0,68.63,64,0,6.69,clear sky
218,Saint-Pierre,RE,2021-07-22 23:35:29,-21.3393,55.4781,65.88,65,0,9.22,clear sky
219,Vysokogornyy,RU,2021-07-22 23:35:29,50.1167,139.15,79.93,74,66,1.77,broken clouds
220,Iqaluit,CA,2021-07-22 23:35:30,63.7506,-68.5145,49.73,93,90,11.01,light intensity drizzle
221,Senno,RU,2021-07-22 23:35:30,59.5336,33.9167,52.27,97,76,4.38,moderate rain
222,Tamiahua,MX,2021-07-22 23:32:43,21.2667,-97.45,84.4,74,29,11.16,scattered clouds
223,Arraial Do Cabo,BR,2021-07-22 23:35:30,-22.9661,-42.0278,62.56,94,20,4.61,few clouds
224,Sapa,PH,2021-07-22 23:35:31,5.1544,120.3241,83.62,81,91,13.78,overcast clouds
225,Gigmoto,PH,2021-07-22 23:35:31,13.7796,124.39,83.19,79,100,18.1,light rain
226,Nalut,LY,2021-07-22 23:35:32,30.3333,10.85,77.9,41,0,14.45,clear sky
227,Oussouye,SN,2021-07-22 23:35:32,12.485,-16.5469,84.38,75,59,10.83,broken clouds
228,Qaqortoq,GL,2021-07-22 23:35:32,60.7167,-46.0333,52.3,93,71,4.32,light rain
229,Mahanje,TZ,2021-07-22 23:35:33,-9.9333,35.3333,63.32,65,96,1.57,overcast clouds
230,Naze,JP,2021-07-22 23:35:33,28.3667,129.4833,77.92,90,100,25.9,light rain
231,Cherskiy,RU,2021-07-22 23:35:33,68.75,161.3,57.72,77,99,3.47,overcast clouds
232,Normandin,CA,2021-07-22 23:35:34,48.8333,-72.5321,68.31,68,84,2.3,broken clouds
233,Chapais,CA,2021-07-22 23:35:34,49.7834,-74.8492,69.58,56,86,7.0,overcast clouds
234,Namatanai,PG,2021-07-22 23:32:59,-3.6667,152.4333,83.64,70,10,8.1,clear sky
235,New Norfolk,AU,2021-07-22 23:31:30,-42.7826,147.0587,51.93,68,65,1.01,broken clouds
236,Bharuch,IN,2021-07-22 23:35:35,21.7,72.9667,81.37,86,89,11.32,overcast clouds
237,Mponela,MW,2021-07-22 23:35:35,-13.5319,33.7401,59.92,67,59,5.32,broken clouds
238,Klaksvik,FO,2021-07-22 23:35:35,62.2266,-6.589,49.12,91,81,9.93,broken clouds
239,College Station,US,2021-07-22 23:35:35,30.628,-96.3344,91.2,74,90,9.22,light rain
240,Esperance,AU,2021-07-22 23:35:36,-33.8667,121.9,51.64,65,37,21.39,scattered clouds
241,Saint-Francois,FR,2021-07-22 23:35:36,46.4154,3.9054,62.67,88,0,1.14,clear sky
242,Batagay-Alyta,RU,2021-07-22 23:35:36,67.8006,130.4114,66.06,41,31,5.35,scattered clouds
243,Pangnirtung,CA,2021-07-22 23:35:37,66.1451,-65.7125,45.75,75,98,5.79,overcast clouds
244,Mananjary,MG,2021-07-22 23:35:37,-21.2167,48.3333,64.11,92,10,3.71,clear sky
245,Haines Junction,CA,2021-07-22 23:35:37,60.7522,-137.5108,67.95,40,41,10.36,scattered clouds
246,Makaryev,RU,2021-07-22 23:35:38,57.8797,43.8069,50.34,72,89,4.65,overcast clouds
247,Porto Santo,PT,2021-07-22 23:35:38,33.072,-16.3415,73.31,88,40,20.71,scattered clouds
248,Chubbuck,US,2021-07-22 23:35:38,42.9208,-112.4661,87.69,36,75,1.01,broken clouds
249,Quzhou,CN,2021-07-22 23:35:39,28.9594,118.8686,79.86,84,34,7.56,scattered clouds
250,Laguna,US,2021-07-22 23:35:39,38.421,-121.4238,104.25,22,1,3.0,clear sky
251,San Patricio,US,2021-07-22 23:35:39,28.017,-97.5169,87.89,61,48,14.27,scattered clouds
252,Camana,PE,2021-07-22 23:35:39,-16.6228,-72.7111,61.25,84,70,5.59,broken clouds
253,Quatre Cocos,MU,2021-07-22 23:35:40,-20.2078,57.7625,69.91,69,45,17.09,light rain
254,Huarmey,PE,2021-07-22 23:35:40,-10.0681,-78.1522,64.89,82,10,9.71,clear sky
255,Takoradi,GH,2021-07-22 23:35:40,4.8845,-1.7554,74.93,86,38,8.63,scattered clouds
256,Altay,CN,2021-07-22 23:35:41,47.8667,88.1167,72.84,47,100,8.03,overcast clouds
257,Belyy Yar,RU,2021-07-22 23:35:41,53.6039,91.3903,62.49,88,0,6.71,clear sky
258,Ngunguru,NZ,2021-07-22 23:35:41,-35.6167,174.5,58.15,81,47,4.85,scattered clouds
259,Miraflores,MX,2021-07-22 23:35:42,19.2167,-98.8083,72.01,79,88,2.24,overcast clouds
260,San Juan,AR,2021-07-22 23:35:42,-31.5375,-68.5364,60.13,22,63,4.14,broken clouds
261,Zheleznodorozhnyy,RU,2021-07-22 23:35:42,55.7503,38.0042,59.36,59,47,6.64,scattered clouds
262,Hamilton,US,2021-07-22 23:31:56,39.1834,-84.5333,81.77,56,1,1.99,clear sky
263,Vila Franca Do Campo,PT,2021-07-22 23:35:43,37.7167,-25.4333,64.81,80,48,4.65,scattered clouds
264,Kapaa,US,2021-07-22 23:35:43,22.0752,-159.319,84.18,81,75,3.0,light rain
265,Ambulu,ID,2021-07-22 23:35:44,-8.345,113.6058,75.78,82,10,2.64,clear sky
266,Vilcun,CL,2021-07-22 23:35:44,-38.65,-72.2333,47.14,96,100,1.83,overcast clouds
267,Marzuq,YE,2021-07-22 23:35:44,14.4,46.4667,78.28,54,58,3.65,broken clouds
268,Tinskoy,RU,2021-07-22 23:35:45,56.1525,96.9161,61.5,69,4,0.54,clear sky
269,Yumen,CN,2021-07-22 23:35:45,40.2833,97.2,80.44,34,13,11.45,few clouds
270,Strezhevoy,RU,2021-07-22 23:35:45,60.7333,77.5889,64.38,91,98,6.76,overcast clouds
271,Gadsden,US,2021-07-22 23:35:46,34.0143,-86.0066,88.03,80,62,3.44,broken clouds
272,Rio Gallegos,AR,2021-07-22 23:35:14,-51.6226,-69.2181,39.25,56,0,13.8,clear sky
273,Raga,SS,2021-07-22 23:35:46,8.4596,25.678,67.64,97,59,3.49,broken clouds
274,Yulara,AU,2021-07-22 23:35:46,-25.2406,130.9889,49.84,66,3,5.75,clear sky
275,Juba,SS,2021-07-22 23:35:47,4.8517,31.5825,70.14,89,70,3.04,light rain
276,Pundaguitan,PH,2021-07-22 23:35:47,6.3711,126.1689,84.16,70,76,9.37,broken clouds
277,Wanaka,NZ,2021-07-22 23:35:47,-44.7,169.15,43.03,71,4,2.37,clear sky
278,Waipawa,NZ,2021-07-22 23:35:47,-41.4122,175.5153,51.46,66,24,5.28,few clouds
279,San Andres,CO,2021-07-22 23:35:48,12.5847,-81.7006,86.02,74,90,16.11,overcast clouds
280,Skibbereen,IE,2021-07-22 23:35:48,51.55,-9.2667,66.0,89,77,11.18,broken clouds
281,Henties Bay,NA,2021-07-22 23:35:48,-22.116,14.2845,51.85,78,0,5.61,clear sky
282,Beatrice,US,2021-07-22 23:35:49,40.2681,-96.747,89.73,45,1,11.5,clear sky
283,Hofn,IS,2021-07-22 23:35:49,64.2539,-15.2082,53.29,97,100,3.06,overcast clouds
284,Caravelas,BR,2021-07-22 23:35:49,-17.7125,-39.2481,70.99,65,13,8.25,few clouds
285,Polis,CY,2021-07-22 23:35:50,35.0367,32.4264,76.82,83,0,5.79,clear sky
286,Saint-Augustin,CA,2021-07-22 23:35:50,51.226,-58.6502,49.26,90,100,13.94,overcast clouds
287,Salvador,SV,2021-07-22 23:35:51,13.8333,-88.9167,86.04,67,69,1.14,broken clouds
288,Yarega,RU,2021-07-22 23:33:21,63.4354,53.5765,46.94,63,33,3.13,scattered clouds
289,Saldanha,ZA,2021-07-22 23:35:51,-33.0117,17.9442,39.25,74,2,9.4,clear sky
290,Sitka,US,2021-07-22 23:34:26,57.0531,-135.33,58.89,77,90,6.91,overcast clouds
291,Fukue,JP,2021-07-22 23:35:52,32.6881,128.8419,77.36,83,0,8.05,light rain
292,San Carlos De Bariloche,AR,2021-07-22 23:31:59,-41.1456,-71.3082,47.95,71,75,13.8,broken clouds
293,Denpasar,ID,2021-07-22 23:35:52,-8.65,115.2167,78.46,89,20,10.36,few clouds
294,Arica,CL,2021-07-22 23:35:52,-18.475,-70.3042,59.23,77,90,6.91,overcast clouds
295,Gari,RU,2021-07-22 23:35:53,59.4307,62.3497,61.63,98,98,7.31,overcast clouds
296,North Vernon,US,2021-07-22 23:35:53,39.0062,-85.6236,80.94,80,67,5.01,broken clouds
297,Margate,GB,2021-07-22 23:31:23,51.3813,1.3862,62.69,85,3,1.99,clear sky
298,Vardo,NO,2021-07-22 23:34:00,70.3705,31.1107,45.12,79,100,31.14,overcast clouds
299,Steinbach,DE,2021-07-22 23:35:53,50.1667,8.5667,64.99,82,0,1.14,clear sky
300,Buraydah,SA,2021-07-22 23:35:54,26.326,43.975,93.65,16,71,6.82,broken clouds
301,Guerrero Negro,MX,2021-07-22 23:35:54,27.9769,-114.0611,78.1,61,50,14.38,scattered clouds
302,Golspie,GB,2021-07-22 23:35:54,57.9727,-3.978,59.54,90,34,1.97,scattered clouds
303,Honningsvag,NO,2021-07-22 23:35:55,70.9821,25.9704,44.62,76,100,24.38,overcast clouds
304,Saint-Leu,RE,2021-07-22 23:35:55,-21.15,55.2833,65.26,67,24,2.3,few clouds
305,Bathsheba,BB,2021-07-22 23:35:55,13.2167,-59.5167,83.01,78,75,16.11,broken clouds
306,Srandakan,ID,2021-07-22 23:35:56,-7.9386,110.2506,75.97,85,29,3.56,scattered clouds
307,Belaya Gora,RU,2021-07-22 23:35:56,68.5333,146.4167,61.38,47,2,7.52,clear sky
308,Roald,NO,2021-07-22 23:35:56,62.5833,6.1333,55.0,87,90,8.05,overcast clouds
309,Los Llanos De Aridane,ES,2021-07-22 23:35:57,28.6585,-17.9182,71.35,83,0,23.02,clear sky
310,Derzhavinsk,KZ,2021-07-22 23:35:57,51.1,66.3167,70.93,39,4,9.82,clear sky
311,Barra Patuca,HN,2021-07-22 23:35:57,15.8,-84.2833,80.49,82,42,7.54,scattered clouds
312,Groningen,NL,2021-07-22 23:35:58,53.25,6.75,64.04,72,90,3.44,overcast clouds
313,Hermosillo,MX,2021-07-22 23:35:58,29.0667,-110.9667,103.84,36,40,7.0,scattered clouds
314,Pisco,PE,2021-07-22 23:35:58,-13.7,-76.2167,62.65,77,90,12.66,overcast clouds
315,Saskylakh,RU,2021-07-22 23:35:59,71.9167,114.0833,64.24,70,56,6.49,broken clouds
316,Smiltene,LV,2021-07-22 23:35:59,57.4244,25.9016,60.8,91,17,6.31,few clouds
317,Ushtobe,KZ,2021-07-22 23:35:59,45.2514,77.9838,73.81,43,15,5.48,few clouds
318,Jiangkou,CN,2021-07-22 23:35:59,25.4872,119.1986,80.49,64,16,8.84,few clouds
319,Salalah,OM,2021-07-22 23:36:00,17.0151,54.0924,78.89,94,75,9.22,broken clouds
320,Ahipara,NZ,2021-07-22 23:32:53,-35.1667,173.1667,58.03,72,32,6.55,scattered clouds
321,Merritt,CA,2021-07-22 23:36:00,50.1123,-120.7942,76.03,25,10,9.08,clear sky
322,Marana,US,2021-07-22 23:36:01,32.4367,-111.2254,99.3,37,75,10.36,broken clouds
323,Svetlogorsk,BY,2021-07-22 23:36:01,52.6333,29.7333,54.23,86,0,6.17,clear sky
324,Yelabuga,RU,2021-07-22 23:36:01,55.7613,52.0649,58.55,94,2,4.63,clear sky
325,Znamenskoye,RU,2021-07-22 23:36:02,57.1281,73.8282,62.92,72,8,7.85,clear sky
326,Luanda,AO,2021-07-22 23:36:02,-8.8368,13.2343,73.4,78,75,6.91,broken clouds
327,Souillac,MU,2021-07-22 23:36:02,-20.5167,57.5167,70.18,73,40,11.5,light rain
328,Bushehr,IR,2021-07-22 23:36:03,28.9684,50.8385,93.25,69,5,5.1,clear sky
329,Airai,TL,2021-07-22 23:36:03,-8.9266,125.4092,66.85,31,8,2.17,clear sky
330,Ca Mau,VN,2021-07-22 23:36:03,9.1769,105.15,80.38,84,99,3.96,overcast clouds
331,Dashitou,CN,2021-07-22 23:36:04,43.3067,128.5114,78.75,74,100,1.01,overcast clouds
332,Maltahohe,NA,2021-07-22 23:36:04,-24.8333,16.9833,38.61,20,0,8.43,clear sky
333,Arona,ES,2021-07-22 23:36:04,28.0996,-16.681,73.71,57,0,3.0,clear sky
334,Provideniya,RU,2021-07-22 23:36:04,64.3833,-173.3,44.71,76,75,15.66,broken clouds
335,Lethem,GY,2021-07-22 23:36:05,3.3803,-59.7968,77.41,85,56,5.08,broken clouds
336,Mayumba,GA,2021-07-22 23:36:05,-3.432,10.6554,71.6,83,72,6.08,broken clouds
337,Meulaboh,ID,2021-07-22 23:36:06,4.1363,96.1285,76.32,89,98,3.6,overcast clouds
338,Ennis,IE,2021-07-22 23:36:06,52.8436,-8.9864,71.53,68,0,5.75,clear sky
339,Mareeba,AU,2021-07-22 23:36:06,-17.0,145.4333,74.32,79,44,2.28,scattered clouds
340,Kulhudhuffushi,MV,2021-07-22 23:36:06,6.6221,73.07,82.85,77,99,19.15,overcast clouds
341,Asau,RO,2021-07-22 23:36:07,46.4333,26.4,58.39,95,17,4.43,light rain
342,Saint George,US,2021-07-22 23:36:07,37.1041,-113.5841,94.42,37,1,5.01,clear sky
343,Mankachar,IN,2021-07-22 23:36:07,25.5333,89.8667,79.81,87,95,10.45,overcast clouds
344,Jacmel,HT,2021-07-22 23:36:08,18.2342,-72.5347,91.24,80,44,3.67,scattered clouds
345,Cutro,IT,2021-07-22 23:36:08,39.0353,16.9819,74.46,58,0,3.6,clear sky
346,Guarapari,BR,2021-07-22 23:33:18,-20.6667,-40.4975,69.69,80,13,2.93,few clouds
347,Byron Bay,AU,2021-07-22 23:36:08,-28.65,153.6167,65.05,63,95,11.79,light rain
348,Zabalj,RS,2021-07-22 23:36:09,45.3722,20.0639,68.2,60,48,2.06,scattered clouds
349,Tomatlan,MX,2021-07-22 23:36:09,19.9333,-105.25,86.34,70,86,6.38,overcast clouds
350,Puerto Madryn,AR,2021-07-22 23:36:09,-42.7692,-65.0385,58.71,38,100,7.9,overcast clouds
351,Quelimane,MZ,2021-07-22 23:36:10,-17.8786,36.8883,71.55,94,40,2.3,scattered clouds
352,Belmonte,BR,2021-07-22 23:32:55,-15.8631,-38.8828,73.9,75,32,10.76,scattered clouds
353,Ardakan,IR,2021-07-22 23:36:10,32.31,54.0175,88.18,14,24,6.49,few clouds
354,Monrovia,LR,2021-07-22 23:36:10,6.3005,-10.7969,76.91,82,81,10.49,broken clouds
355,Vanimo,PG,2021-07-22 23:36:11,-2.6741,141.3028,81.32,86,87,4.76,overcast clouds
356,Weyburn,CA,2021-07-22 23:36:11,49.6668,-103.8511,91.62,33,45,9.22,scattered clouds
357,Santa Cecilia,BR,2021-07-22 23:36:11,-26.9608,-50.4269,47.43,73,0,2.13,clear sky
358,Avera,US,2021-07-22 23:36:12,33.194,-82.5271,91.27,68,70,3.8,broken clouds
359,Kabo,CF,2021-07-22 23:36:12,7.6994,18.629,69.04,97,100,2.86,overcast clouds
360,Nokaneng,BW,2021-07-22 23:36:12,-19.6667,22.2667,42.67,17,5,7.38,clear sky
361,Reinheim,DE,2021-07-22 23:36:13,49.8269,8.8361,65.25,82,0,2.24,clear sky
362,Sanming,CN,2021-07-22 23:36:13,26.2486,117.6186,83.01,78,6,3.13,clear sky
363,Athabasca,CA,2021-07-22 23:35:28,54.7169,-113.2854,61.21,39,99,15.73,light rain
364,Nakapiripirit,UG,2021-07-22 23:36:14,1.9167,34.7833,66.51,74,27,0.45,scattered clouds
365,Diamantino,BR,2021-07-22 23:36:14,-14.4086,-56.4461,75.15,33,0,3.36,clear sky
366,Sabha,LY,2021-07-22 23:36:14,27.0377,14.4283,82.47,31,0,11.21,clear sky
367,Cabedelo,BR,2021-07-22 23:36:14,-6.9811,-34.8339,75.87,82,68,13.76,broken clouds
368,Plouzane,FR,2021-07-22 23:36:15,48.3833,-4.6167,73.49,73,88,9.22,overcast clouds
369,Grindavik,IS,2021-07-22 23:36:15,63.8424,-22.4338,56.55,100,90,13.8,overcast clouds
370,Nantucket,US,2021-07-22 23:36:15,41.2835,-70.0995,71.94,75,1,4.61,clear sky
371,Axim,GH,2021-07-22 23:36:16,4.8699,-2.2405,75.52,85,28,10.29,light rain
372,Mananara,MG,2021-07-22 23:36:16,-16.1667,49.7667,66.15,92,74,4.72,light rain
373,Maryborough,AU,2021-07-22 23:36:17,-25.5333,152.7,65.64,59,32,4.5,scattered clouds
374,Fort-Shevchenko,KZ,2021-07-22 23:36:17,44.5086,50.263,82.29,74,97,13.8,overcast clouds
375,Chuy,UY,2021-07-22 23:31:39,-33.6971,-53.4616,50.07,77,88,6.17,light rain
376,Gat,IL,2021-07-22 23:36:04,31.61,34.7642,76.91,100,0,4.14,clear sky
377,Kuusamo,FI,2021-07-22 23:36:17,65.9667,29.1833,48.24,76,75,10.36,broken clouds
378,Kati,ML,2021-07-22 23:36:18,12.7441,-8.0726,74.3,89,100,2.93,moderate rain
379,Urengoy,RU,2021-07-22 23:36:18,65.9667,78.3667,54.97,66,100,4.7,overcast clouds
380,Miles City,US,2021-07-22 23:36:18,46.4083,-105.8406,96.51,47,1,10.36,clear sky
381,Mandalgovi,MN,2021-07-22 23:36:19,45.7625,106.2708,64.17,52,51,9.73,broken clouds
382,Mount Gambier,AU,2021-07-22 23:36:19,-37.8333,140.7667,44.51,87,90,10.36,overcast clouds
383,Lolodorf,CM,2021-07-22 23:36:19,3.2333,10.7333,68.95,99,94,1.74,overcast clouds
384,Oriximina,BR,2021-07-22 23:36:20,-1.7656,-55.8661,82.35,64,71,3.18,broken clouds
385,Atar,MR,2021-07-22 23:36:20,20.5169,-13.0499,86.16,19,5,4.03,clear sky
386,Wanning,CN,2021-07-22 23:36:20,18.8003,110.3967,79.88,85,100,3.71,overcast clouds
387,Tilichiki,RU,2021-07-22 23:34:07,60.4667,166.1,63.88,57,99,8.23,overcast clouds
388,Savinka,RU,2021-07-22 23:36:21,50.0785,47.0994,68.92,60,99,14.85,overcast clouds
389,Houma,US,2021-07-22 23:36:21,29.5958,-90.7195,91.4,63,40,11.5,scattered clouds
390,Takab,IR,2021-07-22 23:36:22,36.4009,47.1133,65.21,33,0,3.67,clear sky
391,Korem,ET,2021-07-22 23:36:22,12.5058,39.5228,55.96,79,100,12.46,overcast clouds
392,Dum Duma,IN,2021-07-22 23:36:22,27.5667,95.5667,77.9,92,10,3.09,clear sky
393,Shingu,JP,2021-07-22 23:36:23,33.7333,135.9833,83.39,76,89,7.25,overcast clouds
394,Bara,NG,2021-07-22 23:36:23,10.3744,10.7288,73.0,92,100,10.4,light rain
395,Viru,PE,2021-07-22 23:36:23,-8.4167,-78.75,65.5,75,5,4.45,clear sky
396,Sibu,MY,2021-07-22 23:36:24,2.3,111.8167,77.31,94,20,0.0,few clouds
397,Pouembout,NC,2021-07-22 23:36:24,-21.1333,164.9,78.24,54,0,1.59,clear sky
398,Doha,QA,2021-07-22 23:31:46,25.2867,51.5333,102.18,38,0,4.61,clear sky
399,Sao Raimundo Das Mangabeiras,BR,2021-07-22 23:36:24,-7.0219,-45.4811,77.34,34,15,5.23,few clouds
400,Wattegama,LK,2021-07-22 23:36:25,6.7989,81.4808,78.08,70,100,12.3,overcast clouds
401,Tura,IN,2021-07-22 23:36:25,25.5198,90.2201,74.89,95,98,5.75,overcast clouds
402,Gander,CA,2021-07-22 23:36:25,48.9682,-54.5906,50.16,93,90,13.0,fog
403,Dali,CN,2021-07-22 23:36:26,25.7,100.1833,64.11,86,93,2.44,overcast clouds
404,Chatra,IN,2021-07-22 23:36:26,24.2167,84.8667,78.78,90,13,4.7,few clouds
405,Piacabucu,BR,2021-07-22 23:36:26,-10.4056,-36.4344,73.76,80,0,10.11,clear sky
406,Mattru,SL,2021-07-22 23:36:27,7.6244,-11.8332,73.76,96,96,2.91,light rain
407,Banda Aceh,ID,2021-07-22 23:32:15,5.5577,95.3222,80.33,77,100,14.63,overcast clouds
408,Santiago De Cao,PE,2021-07-22 23:36:27,-7.9589,-79.2392,66.33,88,90,9.22,overcast clouds
409,Bonavista,CA,2021-07-22 23:36:28,48.6499,-53.1147,51.12,92,80,10.25,broken clouds
410,Mahibadhoo,MV,2021-07-22 23:36:28,3.7833,72.9667,82.63,75,100,14.16,overcast clouds
411,Pacific Grove,US,2021-07-22 23:33:01,36.6177,-121.9166,86.81,81,40,4.0,scattered clouds
412,Merauke,ID,2021-07-22 23:36:28,-8.4667,140.3333,78.66,69,90,12.46,overcast clouds
413,Touros,BR,2021-07-22 23:36:29,-5.1989,-35.4608,76.1,83,37,14.7,scattered clouds
414,Opuwo,NA,2021-07-22 23:36:29,-18.0607,13.84,56.16,28,0,8.32,clear sky
415,Mitsamiouli,KM,2021-07-22 23:36:29,-11.3847,43.2844,76.86,66,14,8.39,few clouds
416,Biak,ID,2021-07-22 23:34:33,-0.9131,122.8766,76.01,85,93,4.79,overcast clouds
417,Pangoa,PE,2021-07-22 23:36:30,-12.1167,-73.0,68.83,76,6,3.36,clear sky
418,Muzhi,RU,2021-07-22 23:36:30,65.3667,64.6667,49.53,59,100,5.86,overcast clouds
419,Eyl,SO,2021-07-22 23:36:30,7.9803,49.8164,79.14,69,44,29.71,scattered clouds
420,Nabire,ID,2021-07-22 23:36:31,-3.3667,135.4833,75.61,91,97,1.45,overcast clouds
421,Tucupita,VE,2021-07-22 23:36:31,9.0622,-62.051,75.43,97,96,3.78,overcast clouds
422,Zyryanka,RU,2021-07-22 23:36:31,65.75,150.85,65.53,55,100,14.23,overcast clouds
423,Semnan,IR,2021-07-22 23:36:32,35.5729,53.3971,82.83,22,42,5.12,scattered clouds
424,Bembibre,ES,2021-07-22 23:36:32,42.6177,-6.4155,70.54,60,93,1.99,overcast clouds
425,Samarai,PG,2021-07-22 23:36:32,-10.6167,150.6667,78.87,83,99,13.78,overcast clouds
426,Florissant,US,2021-07-22 23:36:33,38.7892,-90.3226,89.17,54,1,5.75,clear sky
427,Ormara,PK,2021-07-22 23:36:33,25.2088,64.6357,83.08,84,69,4.14,broken clouds
428,San Rafael,AR,2021-07-22 23:36:33,-34.6177,-68.3301,57.47,28,96,3.91,overcast clouds
429,Taveta,KE,2021-07-22 23:36:34,-3.3963,37.6736,63.19,92,23,3.8,few clouds
430,Zhigansk,RU,2021-07-22 23:36:34,66.7697,123.3711,65.66,70,60,5.68,broken clouds
431,Broome,US,2021-07-22 23:36:34,42.2506,-75.833,69.8,70,1,1.01,clear sky
432,Dicabisagan,PH,2021-07-22 23:36:34,17.0818,122.4157,83.93,70,100,6.17,overcast clouds
433,Ewa Beach,US,2021-07-22 23:36:08,21.3156,-158.0072,84.15,61,75,25.99,broken clouds
434,Tambura,SS,2021-07-22 23:36:35,5.6,27.4667,67.3,97,81,3.13,light rain
435,Saint-Jean-Port-Joli,CA,2021-07-22 23:36:35,47.2171,-70.2658,70.11,79,87,0.72,overcast clouds
436,Hami,CN,2021-07-22 23:36:36,42.8,93.45,90.91,26,97,21.79,overcast clouds
437,Korla,CN,2021-07-22 23:36:36,41.7597,86.1469,86.88,21,96,4.59,overcast clouds
438,Freeport,US,2021-07-22 23:31:40,40.6576,-73.5832,81.25,65,1,1.99,clear sky
439,Chalus,IR,2021-07-22 23:32:52,36.655,51.4204,80.06,94,75,2.3,broken clouds
440,Chibuto,MZ,2021-07-22 23:36:36,-24.6867,33.5306,62.08,58,2,11.27,clear sky
441,Aleksandrov Gay,RU,2021-07-22 23:36:37,50.147,48.5704,69.46,67,100,13.0,overcast clouds
442,Sao Miguel Do Araguaia,BR,2021-07-22 23:36:37,-13.275,-50.1628,80.8,31,66,5.3,broken clouds
443,Inuvik,CA,2021-07-22 23:36:38,68.3499,-133.7218,58.21,85,90,11.5,overcast clouds
444,Mayo,US,2021-07-22 23:36:38,38.8876,-76.5119,82.44,55,75,4.61,broken clouds
445,Pingzhuang,CN,2021-07-22 23:36:38,42.0372,119.2889,75.22,69,69,8.95,broken clouds
446,Port Blair,IN,2021-07-22 23:31:49,11.6667,92.75,81.81,85,99,20.87,overcast clouds
447,Libreville,GA,2021-07-22 23:36:22,0.3925,9.4537,75.79,77,92,9.6,overcast clouds
448,Manakara,MG,2021-07-22 23:36:39,-22.1333,48.0167,63.86,93,13,5.64,few clouds
449,Zvishavane,ZW,2021-07-22 23:36:39,-20.3267,30.0665,48.65,14,2,3.94,clear sky
450,Kaniama,CD,2021-07-22 23:36:40,-7.5667,24.1833,67.48,36,9,4.29,clear sky
451,Cayenne,GF,2021-07-22 23:32:24,4.9333,-52.3333,81.09,85,0,1.14,clear sky
452,Molchanovo,RU,2021-07-22 23:36:40,57.5817,83.7692,62.71,74,2,3.6,clear sky
453,Abu Dhabi,AE,2021-07-22 23:36:41,24.4667,54.3667,98.71,36,0,5.75,clear sky
454,Tacoronte,ES,2021-07-22 23:36:41,28.4769,-16.4102,72.45,57,75,18.99,broken clouds
455,Lokosovo,RU,2021-07-22 23:36:41,61.1333,74.8167,63.01,89,95,9.22,light rain
456,Port-Gentil,GA,2021-07-22 23:36:42,-0.7193,8.7815,74.41,78,99,12.24,overcast clouds
457,Issaquah,US,2021-07-22 23:36:42,47.5301,-122.0326,79.86,40,1,1.99,clear sky
458,Quixeramobim,BR,2021-07-22 23:36:42,-5.1992,-39.2928,75.7,73,30,5.95,scattered clouds
459,Makakilo City,US,2021-07-22 23:36:43,21.3469,-158.0858,82.72,62,90,10.36,overcast clouds
460,Avallon,FR,2021-07-22 23:36:43,47.4833,3.9,61.14,92,17,4.54,few clouds
461,Narsaq,GL,2021-07-22 23:36:43,60.9167,-46.05,52.02,94,75,6.2,light rain
462,Talnakh,RU,2021-07-22 23:31:55,69.4865,88.3972,57.92,67,51,4.61,broken clouds
463,Biggar,GB,2021-07-22 23:36:44,55.6167,-3.5167,62.19,98,57,2.95,broken clouds
464,Snejbjerg,DK,2021-07-22 23:36:44,56.1387,8.899,59.4,82,69,11.5,broken clouds
465,Soyo,AO,2021-07-22 23:36:44,-6.1349,12.3689,70.18,87,49,3.33,scattered clouds
466,Port Lincoln,AU,2021-07-22 23:36:44,-34.7333,135.8667,55.27,76,49,10.04,scattered clouds
467,Mporokoso,ZM,2021-07-22 23:36:45,-9.3727,30.125,60.04,55,7,8.77,clear sky
468,Santa Cruz,BO,2021-07-22 23:36:45,-17.8,-63.1667,78.85,50,0,8.05,clear sky
469,Lakefield,US,2021-07-22 23:36:45,43.6775,-95.1717,83.91,61,1,1.99,clear sky
470,Sidmouth,GB,2021-07-22 23:36:46,50.6909,-3.2397,66.61,86,0,4.61,clear sky
471,Kyzyl-Suu,KG,2021-07-22 23:36:46,42.3414,78.0056,59.29,53,0,5.88,clear sky
472,Gombe,NG,2021-07-22 23:36:46,10.2897,11.1673,72.79,88,100,12.91,light rain
473,Hailar,CN,2021-07-22 23:36:47,49.2,119.7,70.83,84,79,9.01,broken clouds
474,Iberia,US,2021-07-22 23:36:47,29.9502,-91.7507,89.98,74,75,8.05,broken clouds
475,Hualmay,PE,2021-07-22 23:34:23,-11.0964,-77.6139,64.15,81,17,10.2,few clouds
476,Presidente Olegario,BR,2021-07-22 23:36:47,-18.4178,-46.4181,59.2,45,30,3.85,scattered clouds
477,Calama,CL,2021-07-22 23:36:48,-22.4667,-68.9333,63.09,8,0,9.22,clear sky
478,Ukmerge,LT,2021-07-22 23:36:48,55.25,24.75,61.09,95,31,6.42,scattered clouds
479,Karasjok,NO,2021-07-22 23:36:48,69.4719,25.5112,42.91,87,100,10.27,overcast clouds
480,Fort Nelson,CA,2021-07-22 23:36:49,58.8053,-122.7002,60.39,88,90,8.05,thunderstorm
481,Coihaique,CL,2021-07-22 23:36:49,-45.5752,-72.0662,38.17,93,100,6.22,overcast clouds
482,Russell,US,2021-07-22 23:36:49,32.3502,-85.1999,91.0,80,90,10.36,overcast clouds
483,Bilibino,RU,2021-07-22 23:36:50,68.0546,166.4372,64.45,34,100,4.16,overcast clouds
484,Muisne,EC,2021-07-22 23:36:50,0.6,-80.0333,76.17,82,88,9.42,overcast clouds
485,Nelson Bay,AU,2021-07-22 23:36:50,-32.7167,152.15,58.1,76,98,1.01,overcast clouds
486,Barra,BR,2021-07-22 23:36:51,-11.0894,-43.1417,76.51,57,2,15.68,clear sky
487,Tevaitoa,PF,2021-07-22 23:36:51,-16.7833,-151.5,77.67,66,36,15.03,scattered clouds
488,Constitucion,CL,2021-07-22 23:36:49,-35.3333,-72.4167,53.55,86,100,9.95,overcast clouds
489,Marabba,SD,2021-07-22 23:36:51,12.35,32.1833,77.88,79,91,10.74,overcast clouds
490,Dire Dawa,ET,2021-07-22 23:36:52,9.5931,41.8661,72.0,71,86,7.2,light rain
491,Muli,MV,2021-07-22 23:36:52,2.9167,73.5667,82.31,75,93,12.08,overcast clouds
492,Charlestown,AU,2021-07-22 23:36:52,-32.95,151.6667,58.73,73,90,1.99,overcast clouds
493,Alexandria,EG,2021-07-22 23:36:43,31.2156,29.9553,81.14,69,0,8.05,clear sky
494,Kez,RU,2021-07-22 23:36:53,57.8979,53.7152,50.38,98,38,4.59,scattered clouds
495,Blythe,US,2021-07-22 23:36:53,33.6103,-114.5964,110.03,20,40,14.97,scattered clouds
496,Comodoro Rivadavia,AR,2021-07-22 23:33:40,-45.8667,-67.5,58.86,41,0,13.8,clear sky
497,Otradnoye,RU,2021-07-22 23:36:53,59.7775,30.8181,62.65,76,97,5.3,overcast clouds
498,Iwanai,JP,2021-07-22 23:36:54,42.9744,140.5089,81.54,66,94,2.64,overcast clouds
499,Muros,ES,2021-07-22 23:36:54,42.7762,-9.0603,64.9,90,79,3.53,broken clouds
500,Kudamatsu,JP,2021-07-22 23:36:54,34.0,131.8667,82.42,69,100,4.07,overcast clouds
501,Chalchihuites,MX,2021-07-22 23:36:55,23.4833,-103.8833,69.58,51,95,9.1,overcast clouds
502,Tuy Hoa,VN,2021-07-22 23:36:55,13.0833,109.3,83.82,65,100,17.02,overcast clouds
503,Katsuura,JP,2021-07-22 23:32:57,35.1333,140.3,84.31,71,16,4.9,few clouds
504,Bahia Blanca,AR,2021-07-22 23:35:06,-38.7196,-62.2724,56.57,50,100,10.54,overcast clouds
505,Adre,TD,2021-07-22 23:36:56,13.4667,22.2,69.55,92,93,4.92,overcast clouds
506,Nemuro,JP,2021-07-22 23:36:56,43.3236,145.575,65.28,89,94,11.43,overcast clouds
507,Carauari,BR,2021-07-22 23:36:56,-4.8828,-66.8958,81.19,57,86,0.67,overcast clouds
508,Kalmunai,LK,2021-07-22 23:32:29,7.4167,81.8167,79.79,65,98,6.98,overcast clouds
509,Yurla,RU,2021-07-22 23:36:57,59.3259,54.3223,53.2,97,58,5.41,broken clouds
510,Marsa Matruh,EG,2021-07-22 23:36:57,31.3525,27.2453,77.2,83,0,9.22,clear sky
511,Labytnangi,RU,2021-07-22 23:36:57,66.6572,66.4183,47.32,66,27,2.17,scattered clouds
512,Talakan,RU,2021-07-22 23:36:58,50.3167,130.3667,82.96,71,70,5.53,broken clouds
513,Urumqi,CN,2021-07-22 23:36:58,43.801,87.6005,76.15,41,0,6.71,clear sky
514,Esso,RU,2021-07-22 23:36:58,55.9333,158.7,69.75,65,55,3.62,broken clouds
515,Sioux Lookout,CA,2021-07-22 23:36:58,50.1001,-91.917,78.87,61,40,9.22,smoke
516,Lorengau,PG,2021-07-22 23:36:59,-2.0226,147.2712,83.35,76,47,5.57,scattered clouds
517,Brownwood,US,2021-07-22 23:36:59,31.7093,-98.9912,92.52,54,73,12.12,broken clouds
518,Chicama,PE,2021-07-22 23:36:59,-7.8447,-79.1469,64.94,78,23,7.52,few clouds
519,Gonzales,US,2021-07-22 23:37:00,30.2385,-90.9201,91.38,69,1,3.44,clear sky
520,Sindgi,IN,2021-07-22 23:37:00,16.9167,76.2333,71.71,91,100,21.27,overcast clouds
521,Elko,US,2021-07-22 23:37:00,41.0002,-115.5012,91.42,8,46,14.0,scattered clouds
522,Namwala,ZM,2021-07-22 23:37:01,-15.7504,26.4384,55.98,27,8,3.18,clear sky
523,Sept-Iles,CA,2021-07-22 23:35:01,50.2001,-66.3821,66.72,76,75,5.99,broken clouds
524,Ixtapa,MX,2021-07-22 23:37:01,20.7,-105.2,88.83,62,75,0.0,broken clouds
525,Pangkalanbuun,ID,2021-07-22 23:37:01,-2.6833,111.6167,76.46,86,83,2.13,broken clouds
526,Mazara Del Vallo,IT,2021-07-22 23:37:02,37.6641,12.588,81.93,62,0,7.92,clear sky
527,Tatawin,TN,2021-07-22 23:37:02,32.9297,10.4518,79.68,65,0,3.13,clear sky
528,Nanortalik,GL,2021-07-22 23:37:02,60.1432,-45.2371,44.24,90,87,7.99,overcast clouds
529,Moskovskiy,RU,2021-07-22 23:37:03,55.5991,37.355,58.91,77,0,6.71,clear sky
530,Port Keats,AU,2021-07-22 23:37:03,-14.25,129.55,77.47,53,73,0.56,broken clouds
531,North Branch,US,2021-07-22 23:37:03,45.5113,-92.9802,86.14,61,96,16.75,overcast clouds
532,Zermatt,CH,2021-07-22 23:37:04,46.0213,7.7491,58.17,75,0,6.91,clear sky
533,Nenagh,IE,2021-07-22 23:37:04,52.8619,-8.1967,70.99,91,97,4.12,overcast clouds
534,Zhuhai,CN,2021-07-22 23:37:04,22.2769,113.5678,85.05,89,20,3.44,few clouds
535,Verkhoyansk,RU,2021-07-22 23:37:05,67.5447,133.385,67.86,45,9,1.23,clear sky
536,Srednekolymsk,RU,2021-07-22 23:37:05,67.45,153.6833,65.73,43,21,11.61,few clouds
537,Biu,NG,2021-07-22 23:37:05,10.6129,12.1946,69.12,94,100,4.09,moderate rain
538,Eenhana,NA,2021-07-22 23:37:05,-17.4667,16.3333,53.35,29,1,10.27,clear sky
539,Mehamn,NO,2021-07-22 23:37:06,71.0357,27.8492,43.23,79,100,23.26,light rain
540,Sao Felix Do Xingu,BR,2021-07-22 23:37:06,-6.6447,-51.995,83.5,40,79,1.34,broken clouds
541,Beidao,CN,2021-07-22 23:37:06,34.5686,105.8933,73.49,80,66,5.46,broken clouds
542,Vao,NC,2021-07-22 23:37:07,-22.6667,167.4833,69.46,68,3,5.12,clear sky
543,Maceio,BR,2021-07-22 23:36:21,-9.6658,-35.7353,74.64,83,40,5.75,scattered clouds
544,Koungou,YT,2021-07-22 23:37:07,-12.7336,45.2042,74.91,73,0,9.22,clear sky
545,Ouango,CF,2021-07-22 23:37:07,4.3133,22.5552,68.74,96,77,2.75,broken clouds
546,Noshiro,JP,2021-07-22 23:37:08,40.2039,140.0242,81.54,73,20,5.19,few clouds
547,Olinda,BR,2021-07-22 23:37:08,-8.0089,-34.8553,73.13,78,75,5.75,broken clouds
548,Port Hedland,AU,2021-07-22 23:37:08,-20.3167,118.5667,59.05,88,55,3.44,broken clouds
549,Pringsewu,ID,2021-07-22 23:37:09,-5.3582,104.9744,74.71,96,81,2.35,broken clouds
550,Bluefields,NI,2021-07-22 23:37:09,12.0137,-83.7635,84.27,79,75,9.22,broken clouds
551,Tautira,PF,2021-07-22 23:37:09,-17.7333,-149.15,82.42,69,39,11.39,scattered clouds
552,Berbera,SO,2021-07-22 23:37:10,10.4396,45.0143,87.06,64,90,13.18,overcast clouds
553,Inhambane,MZ,2021-07-22 23:33:49,-23.865,35.3833,65.3,66,0,14.9,clear sky
554,Pudozh,RU,2021-07-22 23:37:10,61.8099,36.5345,53.11,97,100,2.59,light rain
555,San Ramon,US,2021-07-22 23:37:10,37.7799,-121.978,96.49,46,1,8.01,clear sky
556,Darnah,LY,2021-07-22 23:37:11,32.767,22.6367,78.08,83,0,19.42,clear sky
557,Idenao,CM,2021-07-22 23:37:11,4.2475,9.0047,76.44,95,100,2.59,light rain
558,Sovik,NO,2021-07-22 23:37:11,65.9333,12.4667,48.18,80,100,6.87,overcast clouds
559,Mitu,CO,2021-07-22 23:37:12,1.1983,-70.1733,71.33,98,73,0.94,broken clouds
560,Saravan,AM,2021-07-22 23:37:12,39.7196,45.6483,72.25,62,13,6.46,few clouds
561,Krasnogvardeyskoye,RU,2021-07-22 23:37:12,45.8456,41.5186,66.79,82,33,9.57,scattered clouds
562,Auki,SB,2021-07-22 23:32:42,-8.7676,160.7034,85.1,66,50,2.64,scattered clouds
563,Charters Towers,AU,2021-07-22 23:37:13,-20.1,146.2667,70.48,56,63,13.31,broken clouds
564,Kavieng,PG,2021-07-22 23:37:13,-2.5744,150.7967,82.36,79,55,11.86,moderate rain
565,Aksu,CN,2021-07-22 23:37:13,41.1231,80.2644,69.17,65,5,7.02,clear sky
566,Shimoda,JP,2021-07-22 23:37:14,34.6667,138.95,86.11,72,22,5.95,few clouds
567,Anadyr,RU,2021-07-22 23:37:14,64.75,177.4833,54.1,71,0,13.42,clear sky
568,Trinidad,BO,2021-07-22 23:33:23,-14.8333,-64.9,78.78,65,0,0.0,clear sky
569,Nioro,GM,2021-07-22 23:37:14,13.35,-15.75,78.26,77,23,9.89,few clouds
570,Marawi,PH,2021-07-22 23:37:15,7.9986,124.2928,72.64,73,100,8.08,moderate rain
571,Vestmannaeyjar,IS,2021-07-22 23:37:15,63.4427,-20.2734,53.35,97,100,18.68,overcast clouds
572,Tieli,CN,2021-07-22 23:37:15,46.95,128.05,80.24,77,69,7.49,broken clouds
573,Gorontalo,ID,2021-07-22 23:37:15,0.5412,123.0595,78.15,88,97,2.39,overcast clouds
574,Borovskoy,KZ,2021-07-22 23:37:16,53.8,64.15,73.65,52,48,11.03,scattered clouds
575,Sola,VU,2021-07-22 23:37:16,-13.8833,167.55,83.07,79,40,0.0,scattered clouds
576,Djibo,BF,2021-07-22 23:37:16,14.1022,-1.6306,87.26,52,34,14.12,scattered clouds
577,Manadhoo,MV,2021-07-22 23:37:17,5.7667,73.3833,82.47,78,99,19.19,overcast clouds
578,Whitehorse,CA,2021-07-22 23:37:17,60.7161,-135.0538,70.57,37,75,4.0,broken clouds
579,Santa Cruz Cabralia,BR,2021-07-22 23:37:17,-16.2781,-39.0247,73.63,64,0,5.75,clear sky
580,Pathein,MM,2021-07-22 23:37:18,16.7833,94.7333,77.94,92,100,7.4,overcast clouds
581,Yaan,NG,2021-07-22 23:37:18,7.3833,8.5667,70.66,92,99,5.32,overcast clouds
582,Basoko,CD,2021-07-22 23:37:18,1.2391,23.616,75.43,69,85,3.51,overcast clouds
583,Akdepe,TM,2021-07-22 23:37:19,42.0551,59.3788,80.69,24,0,9.17,clear sky
584,Oktyabrskoye,RU,2021-07-22 23:37:19,43.0645,44.7417,66.34,94,96,4.47,overcast clouds
585,Leningradskiy,RU,2021-07-22 23:37:20,69.3833,178.4167,40.19,82,84,11.3,broken clouds
586,Parainen,FI,2021-07-22 23:37:20,60.3067,22.301,62.15,70,16,16.67,few clouds
587,Kangaatsiaq,GL,2021-07-22 23:37:21,68.3065,-53.4641,40.62,97,100,6.51,light rain
588,Ozark,US,2021-07-22 23:36:16,37.0209,-93.206,90.05,64,38,5.84,scattered clouds
589,Kaeo,NZ,2021-07-22 23:37:21,-35.1,173.7833,58.32,87,47,3.09,scattered clouds
590,Bolshoye Nagatkino,RU,2021-07-22 23:37:21,54.5196,47.9679,59.97,86,1,6.96,clear sky
591,May Pen,JM,2021-07-22 23:37:22,17.9645,-77.2451,85.21,70,36,3.11,scattered clouds
592,Leh,IN,2021-07-22 23:37:22,34.1667,77.5833,58.44,56,30,4.03,scattered clouds
593,Guayaramerin,BO,2021-07-22 23:37:22,-10.8368,-65.3614,76.08,44,0,2.53,clear sky
594,Batticaloa,LK,2021-07-22 23:37:23,7.7102,81.6924,82.13,60,99,13.11,overcast clouds
595,Revelstoke,CA,2021-07-22 23:37:23,50.9832,-118.2023,75.22,38,75,2.3,haze
596,Asosa,ET,2021-07-22 23:37:23,10.0667,34.5333,59.23,94,99,3.58,light rain
597,Uvira,CD,2021-07-22 23:37:24,-3.4067,29.1458,73.6,58,20,3.2,few clouds
598,Batagay,RU,2021-07-22 23:37:24,67.6333,134.6333,67.23,50,43,2.17,scattered clouds
599,Aksarka,RU,2021-07-22 23:37:24,66.5606,67.7975,50.13,60,81,3.98,broken clouds
600,Clarence Town,AU,2021-07-22 23:37:24,-32.5833,151.7833,58.86,64,87,3.42,overcast clouds
601,Ulladulla,AU,2021-07-22 23:37:25,-35.35,150.4667,54.88,56,99,5.06,light rain
602,Ust-Uda,RU,2021-07-22 23:37:25,54.1742,103.0304,67.17,55,61,4.76,broken clouds
603,Spornoye,RU,2021-07-22 23:37:25,50.8448,37.2913,57.22,65,0,8.52,clear sky
604,Vetluzhskiy,RU,2021-07-22 23:37:26,58.3902,45.4654,50.36,69,97,4.34,overcast clouds
605,Manthani,IN,2021-07-22 23:37:26,18.65,79.6667,73.67,93,100,12.21,overcast clouds
606,Cooma,AU,2021-07-22 23:37:26,-36.2333,149.1333,38.97,93,90,11.5,overcast clouds
607,Faya,SA,2021-07-22 23:32:59,18.3851,42.4509,62.71,84,99,9.8,overcast clouds
608,Wad Madani,SD,2021-07-22 23:37:27,14.4012,33.5199,80.38,70,77,12.75,broken clouds
609,Husavik,IS,2021-07-22 23:37:27,66.0449,-17.3389,55.31,72,76,7.0,broken clouds
610,Camacupa,AO,2021-07-22 23:37:27,-12.0167,17.4833,51.69,24,34,4.68,scattered clouds
611,Bud,US,2021-07-22 23:37:28,39.447,-86.1758,82.38,71,90,5.86,overcast clouds
612,Saint-Jean-De-Braye,FR,2021-07-22 23:37:28,47.913,1.9771,67.62,77,0,8.05,clear sky
613,Kurilsk,RU,2021-07-22 23:37:28,45.2333,147.8833,67.12,70,70,7.29,broken clouds
614,Grand-Santi,GF,2021-07-22 23:37:29,4.25,-54.3833,75.54,90,70,3.42,light rain
615,Bria,CF,2021-07-22 23:37:29,6.5423,21.9863,68.68,98,100,3.85,overcast clouds
616,Ust-Kuyga,RU,2021-07-22 23:37:29,70.0167,135.6,60.71,55,70,8.88,broken clouds
617,Pauini,BR,2021-07-22 23:37:30,-7.7136,-66.9764,77.47,53,10,1.45,clear sky
618,Aviles,ES,2021-07-22 23:37:30,43.5547,-5.9248,64.92,91,75,1.01,broken clouds
619,Zhanaozen,KZ,2021-07-22 23:37:30,43.3,52.8,88.48,22,96,10.11,overcast clouds
620,Vostok,RU,2021-07-22 23:37:31,46.4856,135.8833,77.88,70,92,2.13,overcast clouds
621,Sakakah,SA,2021-07-22 23:37:31,29.9697,40.2064,89.17,21,1,9.08,clear sky
622,Barranquilla,CO,2021-07-22 23:37:31,10.9639,-74.7964,82.18,78,40,13.8,scattered clouds
623,Yarke Pole,UA,2021-07-22 23:37:32,45.608,34.3172,67.57,71,60,11.05,broken clouds
624,Les Cayes,HT,2021-07-22 23:37:32,18.2,-73.75,79.68,80,55,5.3,broken clouds
625,Nara,JP,2021-07-22 23:37:32,34.6851,135.8049,85.91,94,52,3.85,broken clouds
626,Tocantins,BR,2021-07-22 23:37:33,-10.5,-48.0,77.29,39,6,2.77,clear sky
627,Iskateley,RU,2021-07-22 23:33:19,67.6803,53.1512,48.78,94,99,11.43,overcast clouds
628,Zonguldak,TR,2021-07-22 23:37:33,41.25,31.8333,59.63,88,41,2.77,scattered clouds
629,Kodinsk,RU,2021-07-22 23:37:33,58.6881,99.1844,60.51,87,7,3.09,clear sky
630,Deputatskiy,RU,2021-07-22 23:37:34,69.3,139.9,57.6,57,67,6.22,broken clouds
631,Nuevo Progreso,MX,2021-07-22 23:37:34,23.1667,-97.95,86.59,70,76,8.52,broken clouds
632,Karasburg,NA,2021-07-22 23:37:34,-28.0167,18.75,37.76,43,0,11.63,clear sky
633,La Romana,DO,2021-07-22 23:37:35,18.4273,-68.9728,86.36,74,40,6.91,scattered clouds
634,Maldonado,UY,2021-07-22 23:37:35,-34.6667,-54.9167,55.22,71,80,6.98,broken clouds
635,Chumikan,RU,2021-07-22 23:37:35,54.7183,135.315,71.47,67,84,3.06,broken clouds
636,Mega,ET,2021-07-22 23:37:36,4.05,38.3,58.1,74,14,15.97,few clouds
637,Buala,SB,2021-07-22 23:37:36,-8.145,159.5921,83.52,74,39,8.16,light rain
638,Ban Tak,TH,2021-07-22 23:37:36,17.0432,99.0813,75.94,90,100,5.57,overcast clouds
639,San Cristobal,VE,2021-07-22 23:34:05,7.7669,-72.225,73.58,98,95,4.09,overcast clouds
640,Domoni,KM,2021-07-22 23:37:37,-12.2569,44.5319,75.24,71,3,12.93,clear sky
641,Deep River,CA,2021-07-22 23:37:37,46.1001,-77.4995,65.95,93,96,3.47,overcast clouds
642,Kudahuvadhoo,MV,2021-07-22 23:37:37,2.6708,72.8944,82.44,74,97,12.44,overcast clouds
643,Sisophon,KH,2021-07-22 23:37:38,13.5859,102.9737,78.1,84,100,8.9,overcast clouds
644,Calatayud,ES,2021-07-22 23:37:38,41.3535,-1.6432,79.07,23,0,7.74,clear sky
645,Joniskis,LT,2021-07-22 23:37:38,56.2403,23.6153,61.72,95,4,9.17,clear sky
646,Abha,SA,2021-07-22 23:37:39,18.2164,42.5053,62.42,94,75,5.75,broken clouds
647,West Bay,KY,2021-07-22 23:37:39,19.3667,-81.4167,86.07,77,20,5.01,few clouds
648,Port Lavaca,US,2021-07-22 23:37:39,28.615,-96.6261,89.58,75,75,10.36,broken clouds
649,Rio Grande,BR,2021-07-22 23:33:11,-32.035,-52.0986,53.94,80,68,9.71,light rain
650,Langxiang,CN,2021-07-22 23:37:40,46.95,128.8833,82.89,63,95,2.35,overcast clouds
651,Zhuanghe,CN,2021-07-22 23:37:40,39.7008,122.9911,79.39,72,100,1.81,overcast clouds
652,Antalaha,MG,2021-07-22 23:37:40,-14.9003,50.2788,67.87,88,72,8.16,light rain
653,Bosaso,SO,2021-07-22 23:37:41,11.2842,49.1816,91.56,43,22,13.47,few clouds
654,Beisfjord,NO,2021-07-22 23:37:41,68.3751,17.5988,48.25,94,100,6.55,overcast clouds
655,Krasne,UA,2021-07-22 23:37:41,49.9145,24.6134,56.55,89,12,4.36,few clouds
656,Gold Coast,AU,2021-07-22 23:37:42,-28.0,153.4333,65.17,72,97,1.01,overcast clouds
657,Bose,IT,2021-07-22 23:37:42,45.4612,8.0137,75.74,89,2,6.31,clear sky
658,Sibolga,ID,2021-07-22 23:37:42,1.7427,98.7792,76.87,81,100,2.66,moderate rain
659,Sur,OM,2021-07-22 23:37:43,22.5667,59.5289,92.37,49,4,6.2,clear sky
660,Kargil,IN,2021-07-22 23:37:43,34.5667,76.1,53.49,64,10,4.32,clear sky
661,Rorvik,NO,2021-07-22 23:37:43,64.8621,11.2373,53.04,80,100,12.41,overcast clouds
662,Severnyy-Kospashskiy,RU,2021-07-22 23:37:44,59.0925,57.8008,56.61,100,100,6.44,overcast clouds
663,Kawalu,ID,2021-07-22 23:37:44,-7.3817,108.2082,73.24,91,73,0.27,broken clouds
664,Umm Kaddadah,SD,2021-07-22 23:37:44,13.6017,26.6876,83.34,53,54,10.83,broken clouds
665,Cherkasy,UA,2021-07-22 23:37:45,49.4285,32.0621,59.56,68,0,7.4,clear sky
666,Kommunisticheskiy,RU,2021-07-22 23:37:45,61.6789,64.4819,57.13,98,100,7.49,heavy intensity rain
667,Smithfield,US,2021-07-22 23:37:46,41.922,-71.5495,74.25,79,20,0.0,few clouds
668,Pachmarhi,IN,2021-07-22 23:37:46,22.4667,78.4333,67.39,97,100,3.47,overcast clouds
669,Awbari,LY,2021-07-22 23:37:46,26.5921,12.7805,83.17,25,0,13.42,clear sky
670,Oneonta,US,2021-07-22 23:37:47,42.4529,-75.0638,68.63,72,94,4.7,overcast clouds
